table,outil,T2_verdict,T2_composant_cible,crud,operation_detail,search_mecanisme,surface,rbac_qui,scope_enforcement,namespace_ou_org,tokens_estime_contexte,doublon_alias,rbac_coherence_table,rbac_adjustment_needed,table_purpose,table_conserver_supprimer,statut_suppression
_storage+briefingNotes+memories+tasks,import_okf_bundle,?,?,CREATE,okfBundleNode:importOkfBundle(action),,MCP-public,toutes_orgs(scope-filtered),bearer_scope_profile(checkNamespaceWrite) + convex:withOrgScope,namespace(arg=targetNamespace),82,,COHERENT(org),?,"_storage: ? | briefingNotes: by_createdBy_date intentionally omitted: createdBy filtering is handled as a universal post-take in-memory filter (mirrors tasks.ts:371-373 pattern). Adding an index pushdown optimization is deferred to a separate PR. | memories: Core memory store. Each row is one typed memory entry. Supermemory pattern: updates/extends/derives relations + isLatest flag. Mem0 pattern: typed memory (user/feedback/project/reference/episode). Episodic type includes structured episode metadata. Embedding + search is handled by @convex-dev/rag (component-owned schema). RAG entry key = memoryId string. Filters: namespace, type, isLatest. | tasks: ?",,
_storage+kbUploads+memories,store_document_chunked,?,?,UPSERT,kb:storeDocumentChunked(action),,MCP-public,toutes_orgs(in-handler-filtered),"filterByOrgScope(in-handler, post-query) + convex:requireResolvedCaller/withOrgScope",orgId/allowedOrchestrators,194,,COHERENT(org),source reason (filtered): tenant namespace derived in-handler from oauthCtx via resolveOrgContext(); fails closed with AUTH_NO_ORG_ID,"_storage: ? | kbUploads: TOFU (trust-on-first-use) storage ownership binding table. Created by B5 M1 storageId org-binding defense-in-depth (mission k5779q). On first call to storeDocumentChunked for a given storageId, an entry is inserted binding that storageId to the calling org. Subsequent calls with the SAME storageId but a DIFFERENT orgId are rejected with AUTH_STORAGE_NOT_OWNED to close the cross-tenant attack vector identified by Eta iter-2 post-merge follow-up (PR #992, commit 16bb32d). Index: by_storageId — O(1) ownership lookup before ctx.storage.get(). | memories: Core memory store. Each row is one typed memory entry. Supermemory pattern: updates/extends/derives relations + isLatest flag. Mem0 pattern: typed memory (user/feedback/project/reference/episode). Episodic type includes structured episode metadata. Embedding + search is handled by @convex-dev/rag (component-owned schema). RAG entry key = memoryId string. Filters: namespace, type, isLatest.",,
,generate_upload_url,?,?,?,kbMutations:generateUploadUrl(mutation),,MCP-public,toutes_orgs(in-handler-filtered),"filterByOrgScope(in-handler, post-query) + convex:withOrgScope",orgId/allowedOrchestrators,139,,n/a,source reason (filtered): tenant namespace derived in-handler from oauthCtx via resolveOrgContext(); fails closed with AUTH_NO_ORG_ID,?,,
,get_bu,?,?,READ-GET,businessUnits:get(query),,hors-MCP,toutes_orgs(in-handler-filtered),"filterByOrgScope(in-handler, post-query) + convex:requireResolvedCaller/withOrgScope",orgId/allowedOrchestrators,76,,n/a,"source reason (filtered): result set scoped in-handler via scopeFilterList(oauthCtx,...)/scopeFilterGet(oauthCtx,...)",?,,
,get_episode,?,?,READ-GET,memories:getMemory(query),,MCP-public,toutes_orgs(in-handler-filtered),"filterByOrgScope(in-handler, post-query) + convex:withOrgScope",orgId/allowedOrchestrators,101,,n/a,"source reason (filtered): result set scoped in-handler via scopeFilterList(oauthCtx,...)/scopeFilterGet(oauthCtx,...)",?,,
,get_error,?,?,READ-GET,errorMonitor:getError(query),,hors-MCP,fleet_interne,bearer_scope_profile(isMasterScope) + convex:requireResolvedCaller/withOrgScope,global,89,,n/a,?,?,,
,get_mandate,?,?,READ-GET,mandates:get(query),,hors-MCP,toutes_orgs(in-handler-filtered),"filterByOrgScope(in-handler, post-query) + convex:requireResolvedCaller/withOrgScope",orgId/allowedOrchestrators,93,,n/a,"source reason (filtered): result set scoped in-handler via scopeFilterList(oauthCtx,...)/scopeFilterGet(oauthCtx,...)",?,,
,get_memory,?,?,READ-GET,memories:getMemory(query),,MCP-public,toutes_orgs(in-handler-filtered),"filterByOrgScope(in-handler, post-query) + convex:withOrgScope",orgId/allowedOrchestrators,82,,n/a,"source reason (filtered): result set scoped in-handler via scopeFilterList(oauthCtx,...)/scopeFilterGet(oauthCtx,...)",?,,
,get_message,?,?,READ-GET,messages:getById(query),,MCP-public,toutes_orgs(in-handler-filtered),"filterByOrgScope(in-handler, post-query) + convex:requireResolvedCaller/withOrgScope",orgId/allowedOrchestrators,110,,n/a,"source reason (filtered): result set scoped in-handler via scopeFilterList(oauthCtx,...)/scopeFilterGet(oauthCtx,...)",?,,
,get_mission,?,?,READ-GET,missions:get(query),,MCP-public,toutes_orgs(in-handler-filtered),"filterByOrgScope(in-handler, post-query) + convex:withOrgScope",orgId/allowedOrchestrators,85,,n/a,"source reason (filtered): result set scoped in-handler via scopeFilterList(oauthCtx,...)/scopeFilterGet(oauthCtx,...)",?,,
,get_recurring_task,?,?,READ-GET,recurringTasks:getById(query),,MCP-public,toutes_orgs(in-handler-filtered),"filterByOrgScope(in-handler, post-query) + convex:getUserIdentity/withOrgScope",orgId/allowedOrchestrators,123,,n/a,"source reason (filtered): result set scoped in-handler via scopeFilterList(oauthCtx,...)/scopeFilterGet(oauthCtx,...)",?,,
,get_task,?,?,READ-GET,tasks:getById(query),,MCP-public,toutes_orgs(in-handler-filtered),"filterByOrgScope(in-handler, post-query) + convex:withOrgScope",orgId/allowedOrchestrators,107,,n/a,"source reason (filtered): result set scoped in-handler via scopeFilterList(oauthCtx,...)/scopeFilterGet(oauthCtx,...)",?,,
,hybrid_search,?,?,SEARCH,search:hybridSearch(action),hybrid RRF (RAG) | RAG namespace | pas de curseur | defaut:20 max:200,MCP-public,toutes_orgs(scope-filtered),bearer_scope_profile(checkNamespaceRead) + convex:withOrgScope,namespace(arg=namespace),341,,n/a,?,?,,
,recall,?,?,SEARCH,search:recall(action),vectoriel (RAG) | RAG namespace | pas de curseur | defaut:20 max:200 topK=20,MCP-public,toutes_orgs(scope-filtered),bearer_scope_profile(checkNamespaceRead) + convex:withOrgScope,namespace(arg=namespace),299,,n/a,?,?,,
,search_episodes_by_keyword,?,?,SEARCH,search:textSearch(action),BM25 keyword (RAG) | RAG namespace | pas de curseur | defaut:20 max:200,MCP-public,toutes_orgs(scope-filtered),bearer_scope_profile(checkNamespaceRead) + convex:withOrgScope,namespace(arg=namespace),205,,n/a,?,?,,
,search_episodes_by_semantic,?,?,SEARCH,search:recall(action),vectoriel (RAG) | RAG namespace | pas de curseur | defaut:20 max:200 topK=20,MCP-public,toutes_orgs(scope-filtered),bearer_scope_profile(checkNamespaceRead) + convex:withOrgScope,namespace(arg=namespace),220,,n/a,?,?,,
,soft_delete_memory,?,?,UPDATE,memories:softDeleteMemory(mutation),,MCP-public,fleet_interne,bearer_scope_profile(isMasterScope) + convex:withOrgScope,global,94,,n/a,?,?,,
,text_search,?,?,SEARCH,search:textSearch(action),BM25 keyword (RAG) | RAG namespace | pas de curseur | defaut:20 max:200,MCP-public,toutes_orgs(scope-filtered),bearer_scope_profile(checkNamespaceRead) + convex:withOrgScope,namespace(arg=namespace),279,,n/a,?,?,,
,validate_okf_bundle,?,?,EXTERNAL-EFFECT,okfBundleNode:validateOkfBundle(action),,hors-MCP,toutes_orgs,AUCUN(public_no_scope_check) + convex:getUserIdentity,aucun,88,,n/a,"source reason (public): stateless bundle schema validation; reads only the caller-supplied bundle, no VP data access",?,,
,validate_task_payload,?,?,n/a,(no Convex call reached),,hors-MCP,toutes_orgs,AUCUN(public_no_scope_check),aucun,212,,n/a,source reason (public): stateless payload linter; performs no data access,?,,
,whoami,?,?,n/a,(no Convex call reached),,MCP-public,toutes_orgs,AUCUN(public_no_scope_check),aucun,82,,n/a,source reason (public): returns only the caller's own resolved scope; exposes no cross-tenant data,?,,
briefingNoteParticipants,get_briefing_note,?,?,READ-GET,briefingNotes:get(query),,MCP-public,toutes_orgs(in-handler-filtered),"filterByOrgScope(in-handler, post-query) + convex:withOrgScope",orgId/allowedOrchestrators,92,,COHERENT(org),"source reason (filtered): result set scoped in-handler via scopeFilterList(oauthCtx,...)/scopeFilterGet(oauthCtx,...)","Day 165 fix (task k175ga65p654z200ydj7s8qv5s8cnxfc): junction table so ""is `identity` a participant on `noteId`"" is an INDEX-RANGE predicate inside the get/list/search queries, never a post-query handler filter (R-11) and never an in-memory scan of `briefingNotes.participants` (Convex indexes can't range-query inside an array field's elements). One row per (noteId, participant) pair; kept in sync by create/update.",,
briefingNoteParticipants+briefingNotes,list_briefing_notes,?,?,READ-LIST,briefingNotes:list(query),"indexed-range (withIndex or by_creation_time, no filter/collect scan) | index Convex | curseur: oui | defaut:20 max:200",MCP-public,toutes_orgs(in-handler-filtered),"filterByOrgScope(in-handler, post-query) + convex:withOrgScope",orgId/allowedOrchestrators,304,,COHERENT(org),"source reason (filtered): result set scoped in-handler via scopeFilterList(oauthCtx,...)/scopeFilterGet(oauthCtx,...)","briefingNoteParticipants: Day 165 fix (task k175ga65p654z200ydj7s8qv5s8cnxfc): junction table so ""is `identity` a participant on `noteId`"" is an INDEX-RANGE predicate inside the get/list/search queries, never a post-query handler filter (R-11) and never an in-memory scan of `briefingNotes.participants` (Convex indexes can't range-query inside an array field's elements). One row per (noteId, participant) pair; kept in sync by create/update. | briefingNotes: by_createdBy_date intentionally omitted: createdBy filtering is handled as a universal post-take in-memory filter (mirrors tasks.ts:371-373 pattern). Adding an index pushdown optimization is deferred to a separate PR.",,
briefingNoteParticipants+briefingNotes,search_briefing_notes_by_keyword,?,?,SEARCH,briefingNotes:searchBriefingNotesByKeyword(query),BM25 keyword (Convex searchIndex) | index Convex | pas de curseur | defaut:20 max:200,MCP-public,toutes_orgs(in-handler-filtered),"filterByOrgScope(in-handler, post-query) + convex:requireScope/withOrgScope",orgId/allowedOrchestrators,290,,COHERENT(org),"JUSTIFIED: SEARCH vs list_briefing_notes' READ-LIST by design: this is a BM25 search_content searchIndex read with the tenant as an index predicate (convex/briefingNotes.ts:898-908) and an additional requireScope(""view-own-tasks"") gate (briefingNotes.ts:891), where briefingNotes:list drains the by_orgId / by_orgId_topic index range (briefingNotes.ts:598-607) with no requireScope. A keyword search is not a listing, so the verb, the retrieval mechanism and the extra gate are the real difference between the two tools. | source reason (filtered): result set scoped in-handler via scopeFilterList(oauthCtx,...)/scopeFilterGet(oauthCtx,...)","briefingNoteParticipants: Day 165 fix (task k175ga65p654z200ydj7s8qv5s8cnxfc): junction table so ""is `identity` a participant on `noteId`"" is an INDEX-RANGE predicate inside the get/list/search queries, never a post-query handler filter (R-11) and never an in-memory scan of `briefingNotes.participants` (Convex indexes can't range-query inside an array field's elements). One row per (noteId, participant) pair; kept in sync by create/update. | briefingNotes: by_createdBy_date intentionally omitted: createdBy filtering is handled as a universal post-take in-memory filter (mirrors tasks.ts:371-373 pattern). Adding an index pushdown optimization is deferred to a separate PR.",,
briefingNoteParticipants+briefingNotes+memberWriterRoles+memories,create_briefing_note,?,?,?,briefingNotes:create(mutation),,MCP-public,toutes_orgs(identity-gated),bearer_scope_profile(checkFromAllowed)+checkActorBinding + convex:withOrgScope,clerkUserId/orchestratorId(arg=createdBy),357,,COHERENT(no-effect),?,"briefingNoteParticipants: Day 165 fix (task k175ga65p654z200ydj7s8qv5s8cnxfc): junction table so ""is `identity` a participant on `noteId`"" is an INDEX-RANGE predicate inside the get/list/search queries, never a post-query handler filter (R-11) and never an in-memory scan of `briefingNotes.participants` (Convex indexes can't range-query inside an array field's elements). One row per (noteId, participant) pair; kept in sync by create/update. | briefingNotes: by_createdBy_date intentionally omitted: createdBy filtering is handled as a universal post-take in-memory filter (mirrors tasks.ts:371-373 pattern). Adding an index pushdown optimization is deferred to a separate PR. | memberWriterRoles: The ALLOWLIST OF WRITER ROLES for the member-acting path on tasks.start / complete / blockTask (Pi ruling, task k170hs77p7me28wr7xfqgntm0x8fkzxc). Held as DATA, never as a constant in code. `roles` holds Clerk role keys exactly as the verified `org_role` claim spells them (""org:admin"", ""org:editor""). A role not in the list is refused, never inherited. orgSlug present = the override for that org (an EMPTY list is an explicit ""nobody writes"" and is honoured as a refusal). orgSlug ABSENT = the one fleet-level default row, consulted only when the org has no row of its own. No row at all, or no default row = refuse (fail closed, never ""all roles""). Written ONLY by the internalMutation `memberWriterRoles:setMemberWriterRoles` (operator path: `npx convex run`), never wired to a client-facing surface. | memories: Core memory store. Each row is one typed memory entry. Supermemory pattern: updates/extends/derives relations + isLatest flag. Mem0 pattern: typed memory (user/feedback/project/reference/episode). Episodic type includes structured episode metadata. Embedding + search is handled by @convex-dev/rag (component-owned schema). RAG entry key = memoryId string. Filters: namespace, type, isLatest.",,
briefingNoteParticipants+briefingNotes+memberWriterRoles+memories,update_briefing_note,?,?,?,briefingNotes:update(mutation),,MCP-public,toutes_orgs(identity-gated),bearer_scope_profile(checkFromAllowed)+checkActorBinding + convex:withOrgScope,clerkUserId/orchestratorId(arg=callerOrchestrator),91,,COHERENT(no-effect),"JUSTIFIED: the boundary key differs from create_briefing_note only in the name of the actor argument: update binds the editing caller (callerOrchestrator), create binds the note's author (createdBy); both are `from` scope checked by checkActorBinding.","briefingNoteParticipants: Day 165 fix (task k175ga65p654z200ydj7s8qv5s8cnxfc): junction table so ""is `identity` a participant on `noteId`"" is an INDEX-RANGE predicate inside the get/list/search queries, never a post-query handler filter (R-11) and never an in-memory scan of `briefingNotes.participants` (Convex indexes can't range-query inside an array field's elements). One row per (noteId, participant) pair; kept in sync by create/update. | briefingNotes: by_createdBy_date intentionally omitted: createdBy filtering is handled as a universal post-take in-memory filter (mirrors tasks.ts:371-373 pattern). Adding an index pushdown optimization is deferred to a separate PR. | memberWriterRoles: The ALLOWLIST OF WRITER ROLES for the member-acting path on tasks.start / complete / blockTask (Pi ruling, task k170hs77p7me28wr7xfqgntm0x8fkzxc). Held as DATA, never as a constant in code. `roles` holds Clerk role keys exactly as the verified `org_role` claim spells them (""org:admin"", ""org:editor""). A role not in the list is refused, never inherited. orgSlug present = the override for that org (an EMPTY list is an explicit ""nobody writes"" and is honoured as a refusal). orgSlug ABSENT = the one fleet-level default row, consulted only when the org has no row of its own. No row at all, or no default row = refuse (fail closed, never ""all roles""). Written ONLY by the internalMutation `memberWriterRoles:setMemberWriterRoles` (operator path: `npx convex run`), never wired to a client-facing surface. | memories: Core memory store. Each row is one typed memory entry. Supermemory pattern: updates/extends/derives relations + isLatest flag. Mem0 pattern: typed memory (user/feedback/project/reference/episode). Episodic type includes structured episode metadata. Embedding + search is handled by @convex-dev/rag (component-owned schema). RAG entry key = memoryId string. Filters: namespace, type, isLatest.",,
briefingNotes+memories+tasks,export_okf_bundle,?,?,READ-LIST,okfBundleNode:exportOkfBundle(action),"indexed-range (withIndex or by_creation_time, no filter/collect scan) | index Convex | curseur: oui | defaut:? max:?",MCP-public,toutes_orgs(scope-filtered),bearer_scope_profile(checkNamespaceRead) + convex:withOrgScope,namespace(arg=namespace),64,,COHERENT(org),?,"briefingNotes: by_createdBy_date intentionally omitted: createdBy filtering is handled as a universal post-take in-memory filter (mirrors tasks.ts:371-373 pattern). Adding an index pushdown optimization is deferred to a separate PR. | memories: Core memory store. Each row is one typed memory entry. Supermemory pattern: updates/extends/derives relations + isLatest flag. Mem0 pattern: typed memory (user/feedback/project/reference/episode). Episodic type includes structured episode metadata. Embedding + search is handled by @convex-dev/rag (component-owned schema). RAG entry key = memoryId string. Filters: namespace, type, isLatest. | tasks: ?",,
businessUnits,create_bu,?,?,CREATE,businessUnits:create(mutation),,hors-MCP,toutes_orgs(identity-gated),bearer_scope_profile(checkFromAllowed)+checkActorBinding + convex:withOrgScope,clerkUserId/orchestratorId(arg=orchestratorId),404,,INCOHERENT read=org write=master+org,"JUSTIFIED: business units are roster-scoped, not tenant-split: create, update and list admit a member only for orchestrators on its own client_org_mapping roster (isOrchestratorAllowedForScope in convex/businessUnits.ts); only businessUnits:remove (delete_bu) is master-only, which is why this table's write tiers are not one tier.","One row per ElPi Corp business unit. Tracks strategy, structure, and KPIs. managementFee: ElPi Corp takes this percentage of revenue (default 10%).",,
businessUnits,delete_bu,?,?,DELETE,businessUnits:remove(mutation),,hors-MCP,fleet_interne,bearer_scope_profile(isMasterScope) + convex:withOrgScope,global,82,,INCOHERENT read=org write=master+org,"JUSTIFIED: master-only by design: deleting a business unit is irreversible and restricted to the fleet master at both doors (MCP scope master; businessUnits:remove throws unless isMaster, convex/businessUnits.ts), so its verb, tier, isolation locus and global boundary differ from create, update and list, which admit a member by roster.","One row per ElPi Corp business unit. Tracks strategy, structure, and KPIs. managementFee: ElPi Corp takes this percentage of revenue (default 10%).",,
businessUnits,list_bus,?,?,READ-LIST,businessUnits:list(query),"indexed-range (withIndex or by_creation_time, no filter/collect scan) | index Convex | curseur: oui | defaut:? max:200",hors-MCP,toutes_orgs(in-handler-filtered),"filterByOrgScope(in-handler, post-query) + convex:requireResolvedCaller/withOrgScope",orgId/allowedOrchestrators,264,,INCOHERENT read=org write=master+org,"JUSTIFIED: rows are filtered by the same isOrchestratorAllowedForScope roster predicate the create and update writes use (convex/businessUnits.ts); the only write a roster does not admit a member to is businessUnits:remove (delete_bu), which is master-only. | source reason (filtered): result set scoped in-handler via scopeFilterList(oauthCtx,...)/scopeFilterGet(oauthCtx,...)","One row per ElPi Corp business unit. Tracks strategy, structure, and KPIs. managementFee: ElPi Corp takes this percentage of revenue (default 10%).",,
businessUnits,update_bu,?,?,UPDATE,businessUnits:update(mutation),,hors-MCP,toutes_orgs(identity-gated),bearer_scope_profile(checkFromAllowed)+checkActorBinding + convex:withOrgScope,clerkUserId/orchestratorId(arg=callerOrchestrator),505,,INCOHERENT read=org write=master+org,"JUSTIFIED: business units are roster-scoped, not tenant-split: create, update and list admit a member only for orchestrators on its own client_org_mapping roster (isOrchestratorAllowedForScope in convex/businessUnits.ts); only businessUnits:remove (delete_bu) is master-only, which is why this table's write tiers are not one tier.","One row per ElPi Corp business unit. Tracks strategy, structure, and KPIs. managementFee: ElPi Corp takes this percentage of revenue (default 10%).",,
client_org_mapping+memberWriterRoles+messageReceipts+messages+missions+oauth_access_tokens+taskClosureConfig+tasks,update_task,?,?,UPSERT,orgRoster:getForAccessToken(query); orgRoster:getMyOrgRoster(query); tasks:update(mutation),,MCP-public,toutes_orgs(identity-gated),bearer_scope_profile(checkFromAllowed)+checkActorBinding + convex:requireAuthenticatedCaller/withOrgScope,clerkUserId/orchestratorId(arg=callerOrchestrator),548,,COHERENT(org),?,"client_org_mapping: Dashboard Beta multi-tenant scope registry. One row per Clerk organisation granted dashboard access. Provisioned manually by Pi / Laurent via Convex dashboard or npx convex run after merge. clerkOrgSlug: the Clerk organisation slug (e.g. ""acme-hr"", ""a-client-org""). Maps to `identity.organizationId ?? identity.organizationSlug` in Convex auth helpers. allowedOrchestrators: which orchestrator pilots/assignees this org can see. [""*""] = master sentinel = all orchestrators (Laurent / internal use). scopes: permission tokens granted to this org. Known values: ""view-own-tasks"", ""view-own-missions"", ""view-orchestrator-summary"", ""view-stats-aggregated"", ""cross-tenant-read"". isActive: false = org is disabled (returns Forbidden) without deleting the row. Seed rows (post-merge, Sigma runs npx convex run): acme-hr → allowedOrchestrators=[""victor""], scopes=[""view-own-tasks"",""view-own-missions"",""view-orchestrator-summary""] <redacted-client> → allowedOrchestrators=[""phi""], scopes=[""view-own-tasks"",""view-own-missions""] | memberWriterRoles: The ALLOWLIST OF WRITER ROLES for the member-acting path on tasks.start / complete / blockTask (Pi ruling, task k170hs77p7me28wr7xfqgntm0x8fkzxc). Held as DATA, never as a constant in code. `roles` holds Clerk role keys exactly as the verified `org_role` claim spells them (""org:admin"", ""org:editor""). A role not in the list is refused, never inherited. orgSlug present = the override for that org (an EMPTY list is an explicit ""nobody writes"" and is honoured as a refusal). orgSlug ABSENT = the one fleet-level default row, consulted only when the org has no row of its own. No row at all, or no default row = refuse (fail closed, never ""all roles""). Written ONLY by the internalMutation `memberWriterRoles:setMemberWriterRoles` (operator path: `npx convex run`), never wired to a client-facing surface. | messageReceipts: One row per recipient per message. Tracks read status. check_new_messages = query receipts where recipient=X AND readAt=undefined | messages: Inter-orchestrator messaging. VantagePeers native (supersedes pre-VP legacy). One message row per send. Recipients tracked via messageReceipts table. channel: ""broadcast"" | ""pi"" | ""tau"" | ""phi"" | ""pi,tau"" | missions: ? | oauth_access_tokens: Issued access tokens. tokenHash = SHA-256 hex of the raw token (raw never stored). The HTTP bearer middleware hashes the incoming Authorization header and looks the token up by hash, then enforces fromAllowList + namespaceRead/Write prefixes on every MCP tool call. | taskClosureConfig: Day 130 (k17dhcmzqafve1ayzvh833kf558ae019) — server-side closure gate config. Key-value store, mirrors errorMonitorConfig pattern. Doctrine: no-hardcoded-business-knowledge — billable project list and stale-in-progress threshold live here, never as a code constant. Known keys: ""billableProjects"" — string[] of `task.project` values that require a machine-timestamped startedAt before closure (billing source = actualMinutes derived from startedAt→completedAt). Seeded with [""vantage-immo""] — add client projects here, not in code. ""staleInProgressThresholdMs"" — number encoded as a single-element string[] ([""86400000""]) — age (ms) after which an in_progress task is surfaced as staleInProgress in check_messages. Default 24h. ""maxSegmentMinutes"" — number encoded as a single-element string[] ([""480""]) — longest a single segment may span before closure refuses and names it. Default 480. Segments path only, never the legacy one. | tasks: ?",,
client_org_mapping+memberWriterRoles+messageReceipts+messages+profiles,send_message,?,?,CREATE,messages:sendMessage(mutation),,MCP-public,toutes_orgs(identity-gated),bearer_scope_profile(checkFromAllowed)+checkActorBinding + convex:withOrgScope,clerkUserId/orchestratorId(arg=from),288,,COHERENT(org),?,"client_org_mapping: Dashboard Beta multi-tenant scope registry. One row per Clerk organisation granted dashboard access. Provisioned manually by Pi / Laurent via Convex dashboard or npx convex run after merge. clerkOrgSlug: the Clerk organisation slug (e.g. ""acme-hr"", ""a-client-org""). Maps to `identity.organizationId ?? identity.organizationSlug` in Convex auth helpers. allowedOrchestrators: which orchestrator pilots/assignees this org can see. [""*""] = master sentinel = all orchestrators (Laurent / internal use). scopes: permission tokens granted to this org. Known values: ""view-own-tasks"", ""view-own-missions"", ""view-orchestrator-summary"", ""view-stats-aggregated"", ""cross-tenant-read"". isActive: false = org is disabled (returns Forbidden) without deleting the row. Seed rows (post-merge, Sigma runs npx convex run): acme-hr → allowedOrchestrators=[""victor""], scopes=[""view-own-tasks"",""view-own-missions"",""view-orchestrator-summary""] <redacted-client> → allowedOrchestrators=[""phi""], scopes=[""view-own-tasks"",""view-own-missions""] | memberWriterRoles: The ALLOWLIST OF WRITER ROLES for the member-acting path on tasks.start / complete / blockTask (Pi ruling, task k170hs77p7me28wr7xfqgntm0x8fkzxc). Held as DATA, never as a constant in code. `roles` holds Clerk role keys exactly as the verified `org_role` claim spells them (""org:admin"", ""org:editor""). A role not in the list is refused, never inherited. orgSlug present = the override for that org (an EMPTY list is an explicit ""nobody writes"" and is honoured as a refusal). orgSlug ABSENT = the one fleet-level default row, consulted only when the org has no row of its own. No row at all, or no default row = refuse (fail closed, never ""all roles""). Written ONLY by the internalMutation `memberWriterRoles:setMemberWriterRoles` (operator path: `npx convex run`), never wired to a client-facing surface. | messageReceipts: One row per recipient per message. Tracks read status. check_new_messages = query receipts where recipient=X AND readAt=undefined | messages: Inter-orchestrator messaging. VantagePeers native (supersedes pre-VP legacy). One message row per send. Recipients tracked via messageReceipts table. channel: ""broadcast"" | ""pi"" | ""tau"" | ""phi"" | ""pi,tau"" | profiles: One row per INSTANCE. orchestratorId = role (pi/tau/phi). instanceId = unique running copy (pi-chromebook, pi-vps, tau-client-acme). Multiple instances can share the same role. static = stable identity facts (role, workspace, capabilities) dynamic = mutable session state (current task, last seen, session count)",,
client_org_mapping+memberWriterRoles+oauth_access_tokens,update_recurring_task,?,?,UPDATE,orgRoster:getForAccessToken(query); orgRoster:getMyOrgRoster(query); recurringTasks:getById(query); recurringTasks:update(mutation),,MCP-public,toutes_orgs(in-handler-filtered),"filterByOrgScope(in-handler, post-query) + convex:getUserIdentity/requireAuthenticatedCaller/withOrgScope",orgId/allowedOrchestrators,225,,COHERENT(org),"source reason (filtered): target recurring-task row is fetched (recurringTasks:getById) and passed through scopeFilterGet(oauthCtx,...) BEFORE the mutation: a row outside the caller's scope collapses to null and the update is DENIED (cross-scope mutation refused). guardDelegation still gates any NEW assignee, but scopeFilterGet is what binds the mutation to the caller's own row (k17fcxngeyrfpsh8xrp0fzz9xh8dfkq8)","client_org_mapping: Dashboard Beta multi-tenant scope registry. One row per Clerk organisation granted dashboard access. Provisioned manually by Pi / Laurent via Convex dashboard or npx convex run after merge. clerkOrgSlug: the Clerk organisation slug (e.g. ""acme-hr"", ""a-client-org""). Maps to `identity.organizationId ?? identity.organizationSlug` in Convex auth helpers. allowedOrchestrators: which orchestrator pilots/assignees this org can see. [""*""] = master sentinel = all orchestrators (Laurent / internal use). scopes: permission tokens granted to this org. Known values: ""view-own-tasks"", ""view-own-missions"", ""view-orchestrator-summary"", ""view-stats-aggregated"", ""cross-tenant-read"". isActive: false = org is disabled (returns Forbidden) without deleting the row. Seed rows (post-merge, Sigma runs npx convex run): acme-hr → allowedOrchestrators=[""victor""], scopes=[""view-own-tasks"",""view-own-missions"",""view-orchestrator-summary""] <redacted-client> → allowedOrchestrators=[""phi""], scopes=[""view-own-tasks"",""view-own-missions""] | memberWriterRoles: The ALLOWLIST OF WRITER ROLES for the member-acting path on tasks.start / complete / blockTask (Pi ruling, task k170hs77p7me28wr7xfqgntm0x8fkzxc). Held as DATA, never as a constant in code. `roles` holds Clerk role keys exactly as the verified `org_role` claim spells them (""org:admin"", ""org:editor""). A role not in the list is refused, never inherited. orgSlug present = the override for that org (an EMPTY list is an explicit ""nobody writes"" and is honoured as a refusal). orgSlug ABSENT = the one fleet-level default row, consulted only when the org has no row of its own. No row at all, or no default row = refuse (fail closed, never ""all roles""). Written ONLY by the internalMutation `memberWriterRoles:setMemberWriterRoles` (operator path: `npx convex run`), never wired to a client-facing surface. | oauth_access_tokens: Issued access tokens. tokenHash = SHA-256 hex of the raw token (raw never stored). The HTTP bearer middleware hashes the incoming Authorization header and looks the token up by hash, then enforces fromAllowList + namespaceRead/Write prefixes on every MCP tool call.",,
client_org_mapping+memberWriterRoles+oauth_access_tokens+recurringTasks,create_recurring_task,?,?,CREATE,orgRoster:getForAccessToken(query); orgRoster:getMyOrgRoster(query); recurringTasks:create(mutation),,MCP-public,toutes_orgs(identity-gated),bearer_scope_profile(checkFromAllowed)+checkActorBinding + convex:requireAuthenticatedCaller/withOrgScope,clerkUserId/orchestratorId(arg=createdBy),231,,COHERENT(org),?,"client_org_mapping: Dashboard Beta multi-tenant scope registry. One row per Clerk organisation granted dashboard access. Provisioned manually by Pi / Laurent via Convex dashboard or npx convex run after merge. clerkOrgSlug: the Clerk organisation slug (e.g. ""acme-hr"", ""a-client-org""). Maps to `identity.organizationId ?? identity.organizationSlug` in Convex auth helpers. allowedOrchestrators: which orchestrator pilots/assignees this org can see. [""*""] = master sentinel = all orchestrators (Laurent / internal use). scopes: permission tokens granted to this org. Known values: ""view-own-tasks"", ""view-own-missions"", ""view-orchestrator-summary"", ""view-stats-aggregated"", ""cross-tenant-read"". isActive: false = org is disabled (returns Forbidden) without deleting the row. Seed rows (post-merge, Sigma runs npx convex run): acme-hr → allowedOrchestrators=[""victor""], scopes=[""view-own-tasks"",""view-own-missions"",""view-orchestrator-summary""] <redacted-client> → allowedOrchestrators=[""phi""], scopes=[""view-own-tasks"",""view-own-missions""] | memberWriterRoles: The ALLOWLIST OF WRITER ROLES for the member-acting path on tasks.start / complete / blockTask (Pi ruling, task k170hs77p7me28wr7xfqgntm0x8fkzxc). Held as DATA, never as a constant in code. `roles` holds Clerk role keys exactly as the verified `org_role` claim spells them (""org:admin"", ""org:editor""). A role not in the list is refused, never inherited. orgSlug present = the override for that org (an EMPTY list is an explicit ""nobody writes"" and is honoured as a refusal). orgSlug ABSENT = the one fleet-level default row, consulted only when the org has no row of its own. No row at all, or no default row = refuse (fail closed, never ""all roles""). Written ONLY by the internalMutation `memberWriterRoles:setMemberWriterRoles` (operator path: `npx convex run`), never wired to a client-facing surface. | oauth_access_tokens: Issued access tokens. tokenHash = SHA-256 hex of the raw token (raw never stored). The HTTP bearer middleware hashes the incoming Authorization header and looks the token up by hash, then enforces fromAllowList + namespaceRead/Write prefixes on every MCP tool call. | recurringTasks: Templates for tasks that auto-create on a schedule (daily standup, weekly scan, etc.) Convex cron checks every 15 min and creates tasks when nextRunAt <= now.",,
client_org_mapping+memberWriterRoles+oauth_access_tokens+tasks,create_task,?,?,CREATE,orgRoster:getForAccessToken(query); orgRoster:getMyOrgRoster(query); tasks:create(mutation),,MCP-public,toutes_orgs(identity-gated),bearer_scope_profile(checkFromAllowed)+checkActorBinding + convex:requireAuthenticatedCaller/withOrgScope,clerkUserId/orchestratorId(arg=createdBy),342,,COHERENT(org),?,"client_org_mapping: Dashboard Beta multi-tenant scope registry. One row per Clerk organisation granted dashboard access. Provisioned manually by Pi / Laurent via Convex dashboard or npx convex run after merge. clerkOrgSlug: the Clerk organisation slug (e.g. ""acme-hr"", ""a-client-org""). Maps to `identity.organizationId ?? identity.organizationSlug` in Convex auth helpers. allowedOrchestrators: which orchestrator pilots/assignees this org can see. [""*""] = master sentinel = all orchestrators (Laurent / internal use). scopes: permission tokens granted to this org. Known values: ""view-own-tasks"", ""view-own-missions"", ""view-orchestrator-summary"", ""view-stats-aggregated"", ""cross-tenant-read"". isActive: false = org is disabled (returns Forbidden) without deleting the row. Seed rows (post-merge, Sigma runs npx convex run): acme-hr → allowedOrchestrators=[""victor""], scopes=[""view-own-tasks"",""view-own-missions"",""view-orchestrator-summary""] <redacted-client> → allowedOrchestrators=[""phi""], scopes=[""view-own-tasks"",""view-own-missions""] | memberWriterRoles: The ALLOWLIST OF WRITER ROLES for the member-acting path on tasks.start / complete / blockTask (Pi ruling, task k170hs77p7me28wr7xfqgntm0x8fkzxc). Held as DATA, never as a constant in code. `roles` holds Clerk role keys exactly as the verified `org_role` claim spells them (""org:admin"", ""org:editor""). A role not in the list is refused, never inherited. orgSlug present = the override for that org (an EMPTY list is an explicit ""nobody writes"" and is honoured as a refusal). orgSlug ABSENT = the one fleet-level default row, consulted only when the org has no row of its own. No row at all, or no default row = refuse (fail closed, never ""all roles""). Written ONLY by the internalMutation `memberWriterRoles:setMemberWriterRoles` (operator path: `npx convex run`), never wired to a client-facing surface. | oauth_access_tokens: Issued access tokens. tokenHash = SHA-256 hex of the raw token (raw never stored). The HTTP bearer middleware hashes the incoming Authorization header and looks the token up by hash, then enforces fromAllowList + namespaceRead/Write prefixes on every MCP tool call. | tasks: ?",,
diary,get_diary,?,?,READ-GET,diary:get(query),,MCP-public,toutes_orgs(in-handler-filtered),"filterByOrgScope(in-handler, post-query) + convex:requireResolvedCaller/withOrgScope",orgId/allowedOrchestrators,103,,COHERENT(org),"source reason (filtered): result set scoped in-handler via scopeFilterList(oauthCtx,...)/scopeFilterGet(oauthCtx,...)",?,,
diary,list_diaries,?,?,READ-LIST,diary:list(query),"indexed-range (withIndex or by_creation_time, no filter/collect scan) | index Convex | curseur: oui | defaut:20 max:200",MCP-public,toutes_orgs(in-handler-filtered),"filterByOrgScope(in-handler, post-query) + convex:requireResolvedCaller/withOrgScope",orgId/allowedOrchestrators,300,,COHERENT(org),"JUSTIFIED: list vs get_diary differ by design on verb and on isolation: get_diary is a one-row `.unique()` on (orchestrator, date) (convex/diary.ts:142-145) behind requireResolvedCaller (diary.ts:138), while diary:list drains many rows, bounded per rostered orchestrator through by_orchestrator_date (`.take(fetchCap)`, diary.ts:236-265) and resolves its caller at diary.ts:224. The refusal gap (an anonymous caller answered an empty success, and the table taken before the roster filter) is closed by task k17066vn8kh5v1a8xkgsx0bnxs8fjre5; the remaining asymmetry is the many-row read and its signed-in-no-organisation refusal envelope, tested via isRefusedEnvelope. | source reason (filtered): non-master restricted in-handler to orchestrator/createdBy===oauthCtx.userId",?,,
diary,write_diary,?,?,UPSERT,diary:write(mutation),,MCP-public,toutes_orgs(identity-gated),bearer_scope_profile(checkFromAllowed)+checkActorBinding + convex:withOrgScope,clerkUserId/orchestratorId(arg=orchestrator),164,,COHERENT(org),"JUSTIFIED: actor-bound upsert: MCP scope `from` (checkFromAllowed + checkActorBinding on `orchestrator`) and diary:write admits only orchestrators on the caller's roster (isOrchestratorAllowedForScope, convex/diary.ts); get_diary is a read filtered in-handler by the same roster predicate.",?,,
errorLogs,list_errors,?,?,READ-LIST,errorMonitor:listErrors(query),"indexed-range (withIndex or by_creation_time, no filter/collect scan) | index Convex | curseur: oui | defaut:50 max:200",hors-MCP,fleet_interne,bearer_scope_profile(isMasterScope) + convex:requireResolvedCaller/withOrgScope,global,254,,COHERENT(master),?,"Deduplicated log of detected function errors across monitored deployments. hash = simpleHash(functionName + "":"" + errorMessage) for deduplication. Anti-flood additions (Day 76): issueCreated — true once the GH issue + IRP mission have been created. Prevents re-triggering if the errorLog is touched again. irpMissionId — ID of the auto-IRP mission spawned for this error, so the auto-resolver can cascade-close it. autoResolved — true once the auto-resolver has closed the mission. Prevents the resolver from double-processing. recurrenceThreshold — overrides the deployment-level default; the GH issue is NOT created until count >= this value.",,
fixAttempts,get_fix_pattern,?,?,?,fixPatterns:get(query),,MCP-public,toutes_orgs(in-handler-filtered),"filterByOrgScope(in-handler, post-query) + convex:requireResolvedCaller/withOrgScope",orgId/allowedOrchestrators,94,,COHERENT(master),"JUSTIFIED: crud is `?` because fixPatterns:get loads one pattern by id and then lists its attempts (ctx.db.get plus an indexed take(100)), a get+list composite the closed verb set has no single value for; search_fix_patterns is a pure SEARCH. | source reason (filtered): result set scoped in-handler via scopeFilterList(oauthCtx,...)/scopeFilterGet(oauthCtx,...)",Individual fix attempts for a pattern. Separate table to avoid unbounded array growth in fixPatterns documents (per Convex guidelines).,,
fixAttempts,search_fix_patterns,?,?,SEARCH,search:searchFixPatterns(action),vectoriel (RAG) | RAG namespace | pas de curseur | defaut:20 max:200 topK=20,MCP-public,toutes_orgs(in-handler-filtered),"filterByOrgScope(in-handler, post-query) + convex:requireResolvedCaller/withOrgScope",orgId/allowedOrchestrators,182,,COHERENT(master),"source reason (filtered): result set scoped in-handler via scopeFilterList(oauthCtx,...)/scopeFilterGet(oauthCtx,...)",Individual fix attempts for a pattern. Separate table to avoid unbounded array growth in fixPatterns documents (per Convex guidelines).,,
fixAttempts+fixPatterns,add_fix_attempt,?,?,UPSERT,fixPatterns:addAttempt(mutation),,MCP-public,toutes_orgs(identity-gated),bearer_scope_profile(checkFromAllowed)+checkActorBinding + convex:withOrgScope,clerkUserId/orchestratorId(arg=createdBy),183,,COHERENT(master),?,"fixAttempts: Individual fix attempts for a pattern. Separate table to avoid unbounded array growth in fixPatterns documents (per Convex guidelines). | fixPatterns: Knowledge base of fix patterns. Documents bugs, root causes, fix attempts (including failures), and validated fixes. Agents search this BEFORE fixing to avoid repeating mistakes. Semantic search via RAG on symptom + rootCause.",,
fixPatterns,create_fix_pattern,?,?,CREATE,fixPatterns:create(mutation),,MCP-public,toutes_orgs(identity-gated),bearer_scope_profile(checkFromAllowed)+checkActorBinding + convex:withOrgScope,clerkUserId/orchestratorId(arg=createdBy),321,,COHERENT(master),?,"Knowledge base of fix patterns. Documents bugs, root causes, fix attempts (including failures), and validated fixes. Agents search this BEFORE fixing to avoid repeating mistakes. Semantic search via RAG on symptom + rootCause.",,
fixPatterns,link_issue_to_pattern,?,?,UPDATE,fixPatterns:linkIssue(mutation),,MCP-public,fleet_interne,bearer_scope_profile(isMasterScope) + convex:withOrgScope,global,105,,COHERENT(master),"JUSTIFIED: create_fix_pattern is actor-bound (`from`, createdBy recorded on the row) whereas this tool mutates an existing pattern with no author argument and is master-scoped (global boundary); every fixPatterns write is master-only at the Convex door (requireFleetMaster, convex/fixPatterns.ts).","Knowledge base of fix patterns. Documents bugs, root causes, fix attempts (including failures), and validated fixes. Agents search this BEFORE fixing to avoid repeating mistakes. Semantic search via RAG on symptom + rootCause.",,
fixPatterns,list_fix_patterns,?,?,READ-LIST,fixPatterns:listAll(query); fixPatterns:listByProject(query),"indexed-range (withIndex or by_creation_time, no filter/collect scan) | index Convex | curseur: oui | defaut:50 max:200",MCP-public,toutes_orgs(in-handler-filtered),"filterByOrgScope(in-handler, post-query) + convex:requireResolvedCaller/withOrgScope",orgId/allowedOrchestrators,232,,COHERENT(master),"source reason (filtered): result set scoped in-handler via scopeFilterList(oauthCtx,...)/scopeFilterGet(oauthCtx,...)","Knowledge base of fix patterns. Documents bugs, root causes, fix attempts (including failures), and validated fixes. Agents search this BEFORE fixing to avoid repeating mistakes. Semantic search via RAG on symptom + rootCause.",,
fixPatterns,validate_fix,?,?,UPDATE,fixPatterns:validate(mutation),,MCP-public,fleet_interne,bearer_scope_profile(isMasterScope) + convex:withOrgScope,global,112,,COHERENT(master),?,"Knowledge base of fix patterns. Documents bugs, root causes, fix attempts (including failures), and validated fixes. Agents search this BEFORE fixing to avoid repeating mistakes. Semantic search via RAG on symptom + rootCause.",,
fixPatterns+githubRepoMapping+issues+memberWriterRoles+messageReceipts+messages+taskClosureConfig+tasks,complete_task,?,?,UPSERT,tasks:complete(mutation),,MCP-public,toutes_orgs(identity-gated),bearer_scope_profile(checkFromAllowed)+checkActorBinding + convex:requireAuthenticatedCaller,clerkUserId/orchestratorId(arg=callerOrchestrator),222,,COHERENT(org),?,"fixPatterns: Knowledge base of fix patterns. Documents bugs, root causes, fix attempts (including failures), and validated fixes. Agents search this BEFORE fixing to avoid repeating mistakes. Semantic search via RAG on symptom + rootCause. | githubRepoMapping: Maps GitHub repos to orchestrators. Used by webhook handler to route events. Day 98 (k173yr5n1) — auto-IRP cascade overhaul Mechanism (a): lastDeployedSHA + lastDeployedAt track the most recent successful Convex deploy of the repo. createDeployTaskWithDedup compares pr.mergedAt vs lastDeployedAt — if a deploy completed AFTER the PR merged, the PR is already shipped via a bundled chain and no per-PR Deploy task is spawned. Recorded via githubRepoMapping.recordDeployment mutation after each successful `npx convex deploy --yes`. | issues: GitHub issues tracked in VantagePeers. Synced via webhook. | memberWriterRoles: The ALLOWLIST OF WRITER ROLES for the member-acting path on tasks.start / complete / blockTask (Pi ruling, task k170hs77p7me28wr7xfqgntm0x8fkzxc). Held as DATA, never as a constant in code. `roles` holds Clerk role keys exactly as the verified `org_role` claim spells them (""org:admin"", ""org:editor""). A role not in the list is refused, never inherited. orgSlug present = the override for that org (an EMPTY list is an explicit ""nobody writes"" and is honoured as a refusal). orgSlug ABSENT = the one fleet-level default row, consulted only when the org has no row of its own. No row at all, or no default row = refuse (fail closed, never ""all roles""). Written ONLY by the internalMutation `memberWriterRoles:setMemberWriterRoles` (operator path: `npx convex run`), never wired to a client-facing surface. | messageReceipts: One row per recipient per message. Tracks read status. check_new_messages = query receipts where recipient=X AND readAt=undefined | messages: Inter-orchestrator messaging. VantagePeers native (supersedes pre-VP legacy). One message row per send. Recipients tracked via messageReceipts table. channel: ""broadcast"" | ""pi"" | ""tau"" | ""phi"" | ""pi,tau"" | taskClosureConfig: Day 130 (k17dhcmzqafve1ayzvh833kf558ae019) — server-side closure gate config. Key-value store, mirrors errorMonitorConfig pattern. Doctrine: no-hardcoded-business-knowledge — billable project list and stale-in-progress threshold live here, never as a code constant. Known keys: ""billableProjects"" — string[] of `task.project` values that require a machine-timestamped startedAt before closure (billing source = actualMinutes derived from startedAt→completedAt). Seeded with [""vantage-immo""] — add client projects here, not in code. ""staleInProgressThresholdMs"" — number encoded as a single-element string[] ([""86400000""]) — age (ms) after which an in_progress task is surfaced as staleInProgress in check_messages. Default 24h. ""maxSegmentMinutes"" — number encoded as a single-element string[] ([""480""]) — longest a single segment may span before closure refuses and names it. Default 480. Segments path only, never the legacy one. | tasks: ?",,
githubRepoMapping,add_repo_mapping,?,?,UPSERT,githubRepoMapping:add(mutation),,hors-MCP,fleet_interne,bearer_scope_profile(isMasterScope) + convex:withOrgScope,global,184,,COHERENT(master),"JUSTIFIED: fleet webhook-routing config with no orgId on the table: writes are master-only (MCP scope master; requireMasterScope in convex/githubRepoMapping.ts) and the reads are master-only at the Convex door too (requireResolvedCaller masterOnly); the in-handler-filtered label on the read tools is the MCP-layer kind, not a wider door.","Maps GitHub repos to orchestrators. Used by webhook handler to route events. Day 98 (k173yr5n1) — auto-IRP cascade overhaul Mechanism (a): lastDeployedSHA + lastDeployedAt track the most recent successful Convex deploy of the repo. createDeployTaskWithDedup compares pr.mergedAt vs lastDeployedAt — if a deploy completed AFTER the PR merged, the PR is already shipped via a bundled chain and no per-PR Deploy task is spawned. Recorded via githubRepoMapping.recordDeployment mutation after each successful `npx convex deploy --yes`.",,
githubRepoMapping,get_repo_mapping,?,?,READ-GET,githubRepoMapping:getByRepo(query),,hors-MCP,toutes_orgs(in-handler-filtered),"filterByOrgScope(in-handler, post-query) + convex:requireResolvedCaller/withOrgScope",orgId/allowedOrchestrators,105,,COHERENT(master),"source reason (filtered): result set scoped in-handler via scopeFilterList(oauthCtx,...)/scopeFilterGet(oauthCtx,...)","Maps GitHub repos to orchestrators. Used by webhook handler to route events. Day 98 (k173yr5n1) — auto-IRP cascade overhaul Mechanism (a): lastDeployedSHA + lastDeployedAt track the most recent successful Convex deploy of the repo. createDeployTaskWithDedup compares pr.mergedAt vs lastDeployedAt — if a deploy completed AFTER the PR merged, the PR is already shipped via a bundled chain and no per-PR Deploy task is spawned. Recorded via githubRepoMapping.recordDeployment mutation after each successful `npx convex deploy --yes`.",,
githubRepoMapping,list_repo_mappings,?,?,READ-LIST,githubRepoMapping:list(query),"indexed-range (withIndex or by_creation_time, no filter/collect scan) | index Convex | curseur: oui | defaut:? max:200",hors-MCP,toutes_orgs(in-handler-filtered),"filterByOrgScope(in-handler, post-query) + convex:requireResolvedCaller/withOrgScope",orgId/allowedOrchestrators,208,,COHERENT(master),"source reason (filtered): result set scoped in-handler via scopeFilterList(oauthCtx,...)/scopeFilterGet(oauthCtx,...)","Maps GitHub repos to orchestrators. Used by webhook handler to route events. Day 98 (k173yr5n1) — auto-IRP cascade overhaul Mechanism (a): lastDeployedSHA + lastDeployedAt track the most recent successful Convex deploy of the repo. createDeployTaskWithDedup compares pr.mergedAt vs lastDeployedAt — if a deploy completed AFTER the PR merged, the PR is already shipped via a bundled chain and no per-PR Deploy task is spawned. Recorded via githubRepoMapping.recordDeployment mutation after each successful `npx convex deploy --yes`.",,
githubRepoMapping,remove_repo_mapping,?,?,DELETE,githubRepoMapping:remove(mutation),,hors-MCP,fleet_interne,bearer_scope_profile(isMasterScope) + convex:withOrgScope,global,98,,COHERENT(master),?,"Maps GitHub repos to orchestrators. Used by webhook handler to route events. Day 98 (k173yr5n1) — auto-IRP cascade overhaul Mechanism (a): lastDeployedSHA + lastDeployedAt track the most recent successful Convex deploy of the repo. createDeployTaskWithDedup compares pr.mergedAt vs lastDeployedAt — if a deploy completed AFTER the PR merged, the PR is already shipped via a bundled chain and no per-PR Deploy task is spawned. Recorded via githubRepoMapping.recordDeployment mutation after each successful `npx convex deploy --yes`.",,
issues,get_issue,?,?,READ-GET,issues:getByRepoNumber(query),,hors-MCP,fleet_interne,bearer_scope_profile(isMasterScope) + convex:requireResolvedCaller/withOrgScope,global,111,,COHERENT(master),?,GitHub issues tracked in VantagePeers. Synced via webhook.,,
issues,issue_stats,?,?,READ-LIST,issues:getStats(query),"indexed-range (withIndex or by_creation_time, no filter/collect scan) | index Convex | pas de curseur | defaut:? max:?",hors-MCP,fleet_interne,bearer_scope_profile(isMasterScope) + convex:requireResolvedCaller/withOrgScope,global,89,,COHERENT(master),"JUSTIFIED: an unpaged aggregate over the issues table (issues:getStats) that returns counts, not rows: no cursor and no limit argument, where get_issue reads one row and list_issues pages with a cursor (limit default 50, max 200).",GitHub issues tracked in VantagePeers. Synced via webhook.,,
issues,link_commit_to_issue,?,?,UPDATE,issues:linkCommit(mutation),,hors-MCP,fleet_interne,bearer_scope_profile(isMasterScope) + convex:withOrgScope,global,164,,COHERENT(master),"JUSTIFIED: master-only write through requireMasterScope (convex/issues.ts throws unless isMaster); the read side refuses through requireResolvedCaller masterOnly, so both are master-only with different resolver calls.",GitHub issues tracked in VantagePeers. Synced via webhook.,,
issues,list_issues,?,?,READ-LIST,issues:listByOrchestrator(query); issues:listByProject(query); issues:listByStatus(query),"indexed-range (withIndex or by_creation_time, no filter/collect scan) | index Convex | curseur: oui | defaut:50 max:200",hors-MCP,fleet_interne,bearer_scope_profile(isMasterScope) + convex:requireResolvedCaller/withOrgScope,global,309,,COHERENT(master),?,GitHub issues tracked in VantagePeers. Synced via webhook.,,
issues,update_issue_status,?,?,TRANSITION,issues:updateStatus(mutation),,hors-MCP,fleet_interne,bearer_scope_profile(isMasterScope) + convex:withOrgScope,global,143,,COHERENT(master),?,GitHub issues tracked in VantagePeers. Synced via webhook.,,
issues,verify_issue,?,?,TRANSITION,issues:verify(mutation),,hors-MCP,fleet_interne,bearer_scope_profile(isMasterScope) + convex:withOrgScope,global,138,,COHERENT(master),?,GitHub issues tracked in VantagePeers. Synced via webhook.,,
mandates,accept_mandate,?,?,TRANSITION,mandates:accept(mutation),,hors-MCP,toutes_orgs(identity-gated),bearer_scope_profile(checkFromAllowed)+checkActorBinding + convex:withOrgScope,clerkUserId/orchestratorId(arg=callerOrchestrator),173,,COHERENT(master),"JUSTIFIED: a state TRANSITION whose actor argument is callerOrchestrator (create_mandate binds requestedBy), actor-bound `from`; list_mandates is an in-handler-filtered read that serves the fleet master only and answers a member with a refused envelope; every mandate write is master-only at the Convex door (requireFleetMaster, convex/mandates.ts).",Cross-orchestrator service requests. One orchestrator requests a service from another. Budget (token allocation) is agreed upfront; cost is recorded on settle.,,
mandates,create_mandate,?,?,CREATE,mandates:create(mutation),,hors-MCP,toutes_orgs(identity-gated),bearer_scope_profile(checkFromAllowed)+checkActorBinding + convex:withOrgScope,clerkUserId/orchestratorId(arg=requestedBy),263,,COHERENT(master),?,Cross-orchestrator service requests. One orchestrator requests a service from another. Budget (token allocation) is agreed upfront; cost is recorded on settle.,,
mandates,list_mandates,?,?,READ-LIST,mandates:list(query),"indexed-range (withIndex or by_creation_time, no filter/collect scan) | index Convex | curseur: oui | defaut:50 max:200",hors-MCP,toutes_orgs(in-handler-filtered),"filterByOrgScope(in-handler, post-query) + convex:requireResolvedCaller/withOrgScope",orgId/allowedOrchestrators,292,,COHERENT(master),"source reason (filtered): result set scoped in-handler via scopeFilterList(oauthCtx,...)/scopeFilterGet(oauthCtx,...)",Cross-orchestrator service requests. One orchestrator requests a service from another. Budget (token allocation) is agreed upfront; cost is recorded on settle.,,
mandates,settle_mandate,?,?,TRANSITION,mandates:settle(mutation),,hors-MCP,toutes_orgs(identity-gated),bearer_scope_profile(checkFromAllowed)+checkActorBinding + convex:withOrgScope,clerkUserId/orchestratorId(arg=callerOrchestrator),197,,COHERENT(master),?,Cross-orchestrator service requests. One orchestrator requests a service from another. Budget (token allocation) is agreed upfront; cost is recorded on settle.,,
mandates,validate_mandate_spending,?,?,READ-GET,mandates:validateSpending(query),,hors-MCP,toutes_orgs,AUCUN(public_no_scope_check) + convex:requireResolvedCaller/withOrgScope,aucun,113,,COHERENT(master),source reason (public): stateless spend-limit validation keyed on a caller-supplied mandateId; no cross-tenant enumeration,Cross-orchestrator service requests. One orchestrator requests a service from another. Budget (token allocation) is agreed upfront; cost is recorded on settle.,,
mandates+tasks,update_mandate,?,?,UPDATE,mandates:update(mutation),,hors-MCP,toutes_orgs(identity-gated),bearer_scope_profile(checkFromAllowed)+checkActorBinding + convex:withOrgScope,clerkUserId/orchestratorId(arg=callerOrchestrator),245,,COHERENT(master),?,mandates: Cross-orchestrator service requests. One orchestrator requests a service from another. Budget (token allocation) is agreed upfront; cost is recorded on settle. | tasks: ?,,
memberWriterRoles,delete_recurring_task,?,?,DELETE,recurringTasks:remove(mutation),,MCP-public,fleet_interne,bearer_scope_profile(isMasterScope) + convex:requireAuthenticatedCaller,global,80,,COHERENT(org),"JUSTIFIED: a hard DELETE where pause_recurring_task is an active=false TRANSITION on the same row; both doors read memberWriterRoles through resolveHumanActor (convex/lib/humanActor.ts), but recurringTasks:remove also requires org:admin for a human (adminOnly) and stays master-only for the MCP caller, because a deleted schedule cannot be restored and stops all future task generation.","The ALLOWLIST OF WRITER ROLES for the member-acting path on tasks.start / complete / blockTask (Pi ruling, task k170hs77p7me28wr7xfqgntm0x8fkzxc). Held as DATA, never as a constant in code. `roles` holds Clerk role keys exactly as the verified `org_role` claim spells them (""org:admin"", ""org:editor""). A role not in the list is refused, never inherited. orgSlug present = the override for that org (an EMPTY list is an explicit ""nobody writes"" and is honoured as a refusal). orgSlug ABSENT = the one fleet-level default row, consulted only when the org has no row of its own. No row at all, or no default row = refuse (fail closed, never ""all roles""). Written ONLY by the internalMutation `memberWriterRoles:setMemberWriterRoles` (operator path: `npx convex run`), never wired to a client-facing surface.",,
memberWriterRoles,pause_recurring_task,?,?,UPDATE,recurringTasks:pause(mutation),,MCP-public,fleet_interne,bearer_scope_profile(isMasterScope) + convex:requireAuthenticatedCaller,global,78,,COHERENT(org),?,"The ALLOWLIST OF WRITER ROLES for the member-acting path on tasks.start / complete / blockTask (Pi ruling, task k170hs77p7me28wr7xfqgntm0x8fkzxc). Held as DATA, never as a constant in code. `roles` holds Clerk role keys exactly as the verified `org_role` claim spells them (""org:admin"", ""org:editor""). A role not in the list is refused, never inherited. orgSlug present = the override for that org (an EMPTY list is an explicit ""nobody writes"" and is honoured as a refusal). orgSlug ABSENT = the one fleet-level default row, consulted only when the org has no row of its own. No row at all, or no default row = refuse (fail closed, never ""all roles""). Written ONLY by the internalMutation `memberWriterRoles:setMemberWriterRoles` (operator path: `npx convex run`), never wired to a client-facing surface.",,
memberWriterRoles,resume_recurring_task,?,?,UPDATE,recurringTasks:resume(mutation),,MCP-public,fleet_interne,bearer_scope_profile(isMasterScope) + convex:requireAuthenticatedCaller,global,76,,COHERENT(org),?,"The ALLOWLIST OF WRITER ROLES for the member-acting path on tasks.start / complete / blockTask (Pi ruling, task k170hs77p7me28wr7xfqgntm0x8fkzxc). Held as DATA, never as a constant in code. `roles` holds Clerk role keys exactly as the verified `org_role` claim spells them (""org:admin"", ""org:editor""). A role not in the list is refused, never inherited. orgSlug present = the override for that org (an EMPTY list is an explicit ""nobody writes"" and is honoured as a refusal). orgSlug ABSENT = the one fleet-level default row, consulted only when the org has no row of its own. No row at all, or no default row = refuse (fail closed, never ""all roles""). Written ONLY by the internalMutation `memberWriterRoles:setMemberWriterRoles` (operator path: `npx convex run`), never wired to a client-facing surface.",,
memberWriterRoles+messageReceipts+messages,delete_message,?,?,DELETE,messages:deleteMessage(mutation),,MCP-public,toutes_orgs(identity-gated),bearer_scope_profile(checkFromAllowed)+checkActorBinding + convex:withOrgScope,clerkUserId/orchestratorId(arg=callerOrchestrator),178,,COHERENT(org),"JUSTIFIED: actor-bound `from` write (callerOrchestrator) whose door compares message.tenantId with the caller's org before deleting (messages:deleteMessage); list_broadcast_status is an in-handler-filtered read whose crud is `?` because it loads the message by id and lists its receipts, a get+list composite.","memberWriterRoles: The ALLOWLIST OF WRITER ROLES for the member-acting path on tasks.start / complete / blockTask (Pi ruling, task k170hs77p7me28wr7xfqgntm0x8fkzxc). Held as DATA, never as a constant in code. `roles` holds Clerk role keys exactly as the verified `org_role` claim spells them (""org:admin"", ""org:editor""). A role not in the list is refused, never inherited. orgSlug present = the override for that org (an EMPTY list is an explicit ""nobody writes"" and is honoured as a refusal). orgSlug ABSENT = the one fleet-level default row, consulted only when the org has no row of its own. No row at all, or no default row = refuse (fail closed, never ""all roles""). Written ONLY by the internalMutation `memberWriterRoles:setMemberWriterRoles` (operator path: `npx convex run`), never wired to a client-facing surface. | messageReceipts: One row per recipient per message. Tracks read status. check_new_messages = query receipts where recipient=X AND readAt=undefined | messages: Inter-orchestrator messaging. VantagePeers native (supersedes pre-VP legacy). One message row per send. Recipients tracked via messageReceipts table. channel: ""broadcast"" | ""pi"" | ""tau"" | ""phi"" | ""pi,tau""",,
memberWriterRoles+messageReceipts+messages+missions+taskClosureConfig+tasks,add_task_dependency,?,?,UPSERT,tasks:update(mutation),,MCP-public,toutes_orgs(identity-gated),bearer_scope_profile(checkFromAllowed)+checkActorBinding + convex:requireAuthenticatedCaller,clerkUserId/orchestratorId(arg=callerOrchestrator),204,,COHERENT(org),?,"memberWriterRoles: The ALLOWLIST OF WRITER ROLES for the member-acting path on tasks.start / complete / blockTask (Pi ruling, task k170hs77p7me28wr7xfqgntm0x8fkzxc). Held as DATA, never as a constant in code. `roles` holds Clerk role keys exactly as the verified `org_role` claim spells them (""org:admin"", ""org:editor""). A role not in the list is refused, never inherited. orgSlug present = the override for that org (an EMPTY list is an explicit ""nobody writes"" and is honoured as a refusal). orgSlug ABSENT = the one fleet-level default row, consulted only when the org has no row of its own. No row at all, or no default row = refuse (fail closed, never ""all roles""). Written ONLY by the internalMutation `memberWriterRoles:setMemberWriterRoles` (operator path: `npx convex run`), never wired to a client-facing surface. | messageReceipts: One row per recipient per message. Tracks read status. check_new_messages = query receipts where recipient=X AND readAt=undefined | messages: Inter-orchestrator messaging. VantagePeers native (supersedes pre-VP legacy). One message row per send. Recipients tracked via messageReceipts table. channel: ""broadcast"" | ""pi"" | ""tau"" | ""phi"" | ""pi,tau"" | missions: ? | taskClosureConfig: Day 130 (k17dhcmzqafve1ayzvh833kf558ae019) — server-side closure gate config. Key-value store, mirrors errorMonitorConfig pattern. Doctrine: no-hardcoded-business-knowledge — billable project list and stale-in-progress threshold live here, never as a code constant. Known keys: ""billableProjects"" — string[] of `task.project` values that require a machine-timestamped startedAt before closure (billing source = actualMinutes derived from startedAt→completedAt). Seeded with [""vantage-immo""] — add client projects here, not in code. ""staleInProgressThresholdMs"" — number encoded as a single-element string[] ([""86400000""]) — age (ms) after which an in_progress task is surfaced as staleInProgress in check_messages. Default 24h. ""maxSegmentMinutes"" — number encoded as a single-element string[] ([""480""]) — longest a single segment may span before closure refuses and names it. Default 480. Segments path only, never the legacy one. | tasks: ?",,
memberWriterRoles+messageReceipts+messages+missions+taskClosureConfig+tasks,block_task,?,?,UPSERT,tasks:blockTask(mutation); tasks:update(mutation),,MCP-public,toutes_orgs(identity-gated),bearer_scope_profile(checkFromAllowed)+checkActorBinding + convex:requireAuthenticatedCaller,clerkUserId/orchestratorId(arg=callerOrchestrator),505,,COHERENT(org),?,"memberWriterRoles: The ALLOWLIST OF WRITER ROLES for the member-acting path on tasks.start / complete / blockTask (Pi ruling, task k170hs77p7me28wr7xfqgntm0x8fkzxc). Held as DATA, never as a constant in code. `roles` holds Clerk role keys exactly as the verified `org_role` claim spells them (""org:admin"", ""org:editor""). A role not in the list is refused, never inherited. orgSlug present = the override for that org (an EMPTY list is an explicit ""nobody writes"" and is honoured as a refusal). orgSlug ABSENT = the one fleet-level default row, consulted only when the org has no row of its own. No row at all, or no default row = refuse (fail closed, never ""all roles""). Written ONLY by the internalMutation `memberWriterRoles:setMemberWriterRoles` (operator path: `npx convex run`), never wired to a client-facing surface. | messageReceipts: One row per recipient per message. Tracks read status. check_new_messages = query receipts where recipient=X AND readAt=undefined | messages: Inter-orchestrator messaging. VantagePeers native (supersedes pre-VP legacy). One message row per send. Recipients tracked via messageReceipts table. channel: ""broadcast"" | ""pi"" | ""tau"" | ""phi"" | ""pi,tau"" | missions: ? | taskClosureConfig: Day 130 (k17dhcmzqafve1ayzvh833kf558ae019) — server-side closure gate config. Key-value store, mirrors errorMonitorConfig pattern. Doctrine: no-hardcoded-business-knowledge — billable project list and stale-in-progress threshold live here, never as a code constant. Known keys: ""billableProjects"" — string[] of `task.project` values that require a machine-timestamped startedAt before closure (billing source = actualMinutes derived from startedAt→completedAt). Seeded with [""vantage-immo""] — add client projects here, not in code. ""staleInProgressThresholdMs"" — number encoded as a single-element string[] ([""86400000""]) — age (ms) after which an in_progress task is surfaced as staleInProgress in check_messages. Default 24h. ""maxSegmentMinutes"" — number encoded as a single-element string[] ([""480""]) — longest a single segment may span before closure refuses and names it. Default 480. Segments path only, never the legacy one. | tasks: ?",,
memberWriterRoles+messageReceipts+messages+tasks,fail_task,?,?,UPSERT,tasks:failTask(mutation),,MCP-public,toutes_orgs(identity-gated),bearer_scope_profile(checkFromAllowed)+checkActorBinding + convex:requireAuthenticatedCaller,clerkUserId/orchestratorId(arg=callerOrchestrator),268,,COHERENT(org),?,"memberWriterRoles: The ALLOWLIST OF WRITER ROLES for the member-acting path on tasks.start / complete / blockTask (Pi ruling, task k170hs77p7me28wr7xfqgntm0x8fkzxc). Held as DATA, never as a constant in code. `roles` holds Clerk role keys exactly as the verified `org_role` claim spells them (""org:admin"", ""org:editor""). A role not in the list is refused, never inherited. orgSlug present = the override for that org (an EMPTY list is an explicit ""nobody writes"" and is honoured as a refusal). orgSlug ABSENT = the one fleet-level default row, consulted only when the org has no row of its own. No row at all, or no default row = refuse (fail closed, never ""all roles""). Written ONLY by the internalMutation `memberWriterRoles:setMemberWriterRoles` (operator path: `npx convex run`), never wired to a client-facing surface. | messageReceipts: One row per recipient per message. Tracks read status. check_new_messages = query receipts where recipient=X AND readAt=undefined | messages: Inter-orchestrator messaging. VantagePeers native (supersedes pre-VP legacy). One message row per send. Recipients tracked via messageReceipts table. channel: ""broadcast"" | ""pi"" | ""tau"" | ""phi"" | ""pi,tau"" | tasks: ?",,
memberWriterRoles+missions,create_mission,?,?,CREATE,missions:create(mutation),,MCP-public,toutes_orgs(identity-gated),bearer_scope_profile(checkFromAllowed)+checkActorBinding + convex:withOrgScope,clerkUserId/orchestratorId(arg=createdBy),284,,COHERENT(org),"JUSTIFIED: actor-bound `from` write (createdBy recorded) whose door stamps orgId from the verified scope (missions:create) and whose updates compare the stored orgId with the caller's org (isOrgAllowedForScope, convex/missions.ts); list_missions is an in-handler-filtered read.","memberWriterRoles: The ALLOWLIST OF WRITER ROLES for the member-acting path on tasks.start / complete / blockTask (Pi ruling, task k170hs77p7me28wr7xfqgntm0x8fkzxc). Held as DATA, never as a constant in code. `roles` holds Clerk role keys exactly as the verified `org_role` claim spells them (""org:admin"", ""org:editor""). A role not in the list is refused, never inherited. orgSlug present = the override for that org (an EMPTY list is an explicit ""nobody writes"" and is honoured as a refusal). orgSlug ABSENT = the one fleet-level default row, consulted only when the org has no row of its own. No row at all, or no default row = refuse (fail closed, never ""all roles""). Written ONLY by the internalMutation `memberWriterRoles:setMemberWriterRoles` (operator path: `npx convex run`), never wired to a client-facing surface. | missions: ?",,
memberWriterRoles+missions,update_mission,?,?,UPDATE,missions:update(mutation),,MCP-public,toutes_orgs(identity-gated),bearer_scope_profile(checkFromAllowed)+checkActorBinding + convex:withOrgScope,clerkUserId/orchestratorId(arg=pilot),415,,COHERENT(org),?,"memberWriterRoles: The ALLOWLIST OF WRITER ROLES for the member-acting path on tasks.start / complete / blockTask (Pi ruling, task k170hs77p7me28wr7xfqgntm0x8fkzxc). Held as DATA, never as a constant in code. `roles` holds Clerk role keys exactly as the verified `org_role` claim spells them (""org:admin"", ""org:editor""). A role not in the list is refused, never inherited. orgSlug present = the override for that org (an EMPTY list is an explicit ""nobody writes"" and is honoured as a refusal). orgSlug ABSENT = the one fleet-level default row, consulted only when the org has no row of its own. No row at all, or no default row = refuse (fail closed, never ""all roles""). Written ONLY by the internalMutation `memberWriterRoles:setMemberWriterRoles` (operator path: `npx convex run`), never wired to a client-facing surface. | missions: ?",,
memberWriterRoles+missions,update_mission_status,?,?,TRANSITION,missions:updateStatus(mutation),,MCP-public,fleet_interne,bearer_scope_profile(isMasterScope) + convex:withOrgScope,global,101,,COHERENT(org),?,"memberWriterRoles: The ALLOWLIST OF WRITER ROLES for the member-acting path on tasks.start / complete / blockTask (Pi ruling, task k170hs77p7me28wr7xfqgntm0x8fkzxc). Held as DATA, never as a constant in code. `roles` holds Clerk role keys exactly as the verified `org_role` claim spells them (""org:admin"", ""org:editor""). A role not in the list is refused, never inherited. orgSlug present = the override for that org (an EMPTY list is an explicit ""nobody writes"" and is honoured as a refusal). orgSlug ABSENT = the one fleet-level default row, consulted only when the org has no row of its own. No row at all, or no default row = refuse (fail closed, never ""all roles""). Written ONLY by the internalMutation `memberWriterRoles:setMemberWriterRoles` (operator path: `npx convex run`), never wired to a client-facing surface. | missions: ?",,
memberWriterRoles+tasks,delete_task,?,?,DELETE,tasks:deleteTask(mutation),,MCP-public,toutes_orgs(identity-gated),bearer_scope_profile(checkFromAllowed)+checkActorBinding + convex:requireAuthenticatedCaller,clerkUserId/orchestratorId(arg=callerOrchestrator),164,,COHERENT(org),"JUSTIFIED: a hard DELETE where pause_task is a status TRANSITION on the same row; both doors read memberWriterRoles through resolveHumanActor (convex/lib/humanActor.ts), but deleteTask also requires org:admin for a human (adminOnly) and creator-or-system for an agent (convex/tasks.ts deleteTask), because a deleted row cannot be restored or carry its actor.","memberWriterRoles: The ALLOWLIST OF WRITER ROLES for the member-acting path on tasks.start / complete / blockTask (Pi ruling, task k170hs77p7me28wr7xfqgntm0x8fkzxc). Held as DATA, never as a constant in code. `roles` holds Clerk role keys exactly as the verified `org_role` claim spells them (""org:admin"", ""org:editor""). A role not in the list is refused, never inherited. orgSlug present = the override for that org (an EMPTY list is an explicit ""nobody writes"" and is honoured as a refusal). orgSlug ABSENT = the one fleet-level default row, consulted only when the org has no row of its own. No row at all, or no default row = refuse (fail closed, never ""all roles""). Written ONLY by the internalMutation `memberWriterRoles:setMemberWriterRoles` (operator path: `npx convex run`), never wired to a client-facing surface. | tasks: ?",,
memberWriterRoles+tasks,pause_task,?,?,TRANSITION,tasks:pause(mutation),,MCP-public,toutes_orgs(identity-gated),bearer_scope_profile(checkFromAllowed)+checkActorBinding + convex:requireAuthenticatedCaller,clerkUserId/orchestratorId(arg=callerOrchestrator),202,,COHERENT(org),?,"memberWriterRoles: The ALLOWLIST OF WRITER ROLES for the member-acting path on tasks.start / complete / blockTask (Pi ruling, task k170hs77p7me28wr7xfqgntm0x8fkzxc). Held as DATA, never as a constant in code. `roles` holds Clerk role keys exactly as the verified `org_role` claim spells them (""org:admin"", ""org:editor""). A role not in the list is refused, never inherited. orgSlug present = the override for that org (an EMPTY list is an explicit ""nobody writes"" and is honoured as a refusal). orgSlug ABSENT = the one fleet-level default row, consulted only when the org has no row of its own. No row at all, or no default row = refuse (fail closed, never ""all roles""). Written ONLY by the internalMutation `memberWriterRoles:setMemberWriterRoles` (operator path: `npx convex run`), never wired to a client-facing surface. | tasks: ?",,
memberWriterRoles+tasks,resume_task,?,?,TRANSITION,tasks:resume(mutation),,MCP-public,toutes_orgs(identity-gated),bearer_scope_profile(checkFromAllowed)+checkActorBinding + convex:requireAuthenticatedCaller,clerkUserId/orchestratorId(arg=callerOrchestrator),164,,COHERENT(org),?,"memberWriterRoles: The ALLOWLIST OF WRITER ROLES for the member-acting path on tasks.start / complete / blockTask (Pi ruling, task k170hs77p7me28wr7xfqgntm0x8fkzxc). Held as DATA, never as a constant in code. `roles` holds Clerk role keys exactly as the verified `org_role` claim spells them (""org:admin"", ""org:editor""). A role not in the list is refused, never inherited. orgSlug present = the override for that org (an EMPTY list is an explicit ""nobody writes"" and is honoured as a refusal). orgSlug ABSENT = the one fleet-level default row, consulted only when the org has no row of its own. No row at all, or no default row = refuse (fail closed, never ""all roles""). Written ONLY by the internalMutation `memberWriterRoles:setMemberWriterRoles` (operator path: `npx convex run`), never wired to a client-facing surface. | tasks: ?",,
memberWriterRoles+tasks,start_task,?,?,UPDATE,tasks:start(mutation),,MCP-public,toutes_orgs(identity-gated),bearer_scope_profile(checkFromAllowed)+checkActorBinding + convex:requireAuthenticatedCaller,clerkUserId/orchestratorId(arg=callerOrchestrator),168,,COHERENT(org),?,"memberWriterRoles: The ALLOWLIST OF WRITER ROLES for the member-acting path on tasks.start / complete / blockTask (Pi ruling, task k170hs77p7me28wr7xfqgntm0x8fkzxc). Held as DATA, never as a constant in code. `roles` holds Clerk role keys exactly as the verified `org_role` claim spells them (""org:admin"", ""org:editor""). A role not in the list is refused, never inherited. orgSlug present = the override for that org (an EMPTY list is an explicit ""nobody writes"" and is honoured as a refusal). orgSlug ABSENT = the one fleet-level default row, consulted only when the org has no row of its own. No row at all, or no default row = refuse (fail closed, never ""all roles""). Written ONLY by the internalMutation `memberWriterRoles:setMemberWriterRoles` (operator path: `npx convex run`), never wired to a client-facing surface. | tasks: ?",,
memories,list_episodes,?,?,READ-LIST,memories:listMemories(query),"indexed-range (withIndex or by_creation_time, no filter/collect scan) | index Convex | curseur: oui | defaut:50 max:200",MCP-public,toutes_orgs(scope-filtered),bearer_scope_profile(checkNamespaceRead) + convex:withOrgScope,namespace(arg=namespace),233,,COHERENT(org),?,"Core memory store. Each row is one typed memory entry. Supermemory pattern: updates/extends/derives relations + isLatest flag. Mem0 pattern: typed memory (user/feedback/project/reference/episode). Episodic type includes structured episode metadata. Embedding + search is handled by @convex-dev/rag (component-owned schema). RAG entry key = memoryId string. Filters: namespace, type, isLatest.",,
memories,list_memories,?,?,READ-LIST,memories:listMemories(query),"indexed-range (withIndex or by_creation_time, no filter/collect scan) | index Convex | curseur: oui | defaut:50 max:200",MCP-public,toutes_orgs(scope-filtered),bearer_scope_profile(checkNamespaceRead) + convex:withOrgScope,namespace(arg=namespace),311,,COHERENT(org),?,"Core memory store. Each row is one typed memory entry. Supermemory pattern: updates/extends/derives relations + isLatest flag. Mem0 pattern: typed memory (user/feedback/project/reference/episode). Episodic type includes structured episode metadata. Embedding + search is handled by @convex-dev/rag (component-owned schema). RAG entry key = memoryId string. Filters: namespace, type, isLatest.",,
memories,soft_delete_document,?,?,UPDATE,kb:softDeleteDocument(action),,MCP-public,toutes_orgs(in-handler-filtered),"filterByOrgScope(in-handler, post-query) + convex:requireResolvedCaller/withOrgScope",orgId/allowedOrchestrators,111,,COHERENT(org),"JUSTIFIED: kb:softDeleteDocument is an action that flags a document's chunks isLatest=false inside the caller's own team namespace, filtered in-handler by org (assertScopeAuthorizesOrg, convex/kb.ts); list_episodes is a namespace-read tool (checkNamespaceRead on the namespace argument). | source reason (filtered): tenant namespace derived in-handler from oauthCtx via resolveOrgContext(); fails closed with AUTH_NO_ORG_ID","Core memory store. Each row is one typed memory entry. Supermemory pattern: updates/extends/derives relations + isLatest flag. Mem0 pattern: typed memory (user/feedback/project/reference/episode). Episodic type includes structured episode metadata. Embedding + search is handled by @convex-dev/rag (component-owned schema). RAG entry key = memoryId string. Filters: namespace, type, isLatest.",,
memories,store_episode,?,?,CREATE,episodes:storeEpisode(mutation),,MCP-public,toutes_orgs(identity-gated),bearer_scope_profile(checkFromAllowed)+checkActorBinding + convex:withOrgScope,clerkUserId/orchestratorId(arg=createdBy),235,,COHERENT(org),?,"Core memory store. Each row is one typed memory entry. Supermemory pattern: updates/extends/derives relations + isLatest flag. Mem0 pattern: typed memory (user/feedback/project/reference/episode). Episodic type includes structured episode metadata. Embedding + search is handled by @convex-dev/rag (component-owned schema). RAG entry key = memoryId string. Filters: namespace, type, isLatest.",,
memories,store_memory,?,?,UPSERT,memories:storeMemory(mutation),,MCP-public,toutes_orgs(identity-gated),bearer_scope_profile(checkFromAllowed)+checkActorBinding + convex:withOrgScope,clerkUserId/orchestratorId(arg=createdBy),281,,COHERENT(org),?,"Core memory store. Each row is one typed memory entry. Supermemory pattern: updates/extends/derives relations + isLatest flag. Mem0 pattern: typed memory (user/feedback/project/reference/episode). Episodic type includes structured episode metadata. Embedding + search is handled by @convex-dev/rag (component-owned schema). RAG entry key = memoryId string. Filters: namespace, type, isLatest.",,
memories+messages+tasks,improvisation_digest,?,?,READ-LIST,improvisationDigest:scanWindow(query),"indexed-range (withIndex or by_creation_time, no filter/collect scan) | index Convex | pas de curseur | defaut:? max:?",MCP-public,fleet_interne,bearer_scope_profile(isMasterScope) + convex:filterByOrgScope/withOrgScope,global,168,,COHERENT(org),?,"memories: Core memory store. Each row is one typed memory entry. Supermemory pattern: updates/extends/derives relations + isLatest flag. Mem0 pattern: typed memory (user/feedback/project/reference/episode). Episodic type includes structured episode metadata. Embedding + search is handled by @convex-dev/rag (component-owned schema). RAG entry key = memoryId string. Filters: namespace, type, isLatest. | messages: Inter-orchestrator messaging. VantagePeers native (supersedes pre-VP legacy). One message row per send. Recipients tracked via messageReceipts table. channel: ""broadcast"" | ""pi"" | ""tau"" | ""phi"" | ""pi,tau"" | tasks: ?",,
messageReceipts,mark_as_read,?,?,UPDATE,messages:markAsRead(mutation),,MCP-public,toutes_orgs(identity-gated),bearer_scope_profile(checkFromAllowed)+checkActorBinding + convex:withOrgScope,clerkUserId/orchestratorId(arg=callerOrchestrator),222,,COHERENT(org),?,One row per recipient per message. Tracks read status. check_new_messages = query receipts where recipient=X AND readAt=undefined,,
messageReceipts+messages,list_broadcast_status,?,?,?,messages:listBroadcastStatus(query),,MCP-public,toutes_orgs(in-handler-filtered),"filterByOrgScope(in-handler, post-query) + convex:requireResolvedCaller/requireScope/withOrgScope",orgId/allowedOrchestrators,177,,COHERENT(no-effect),"source reason (filtered): result set scoped in-handler via scopeFilterList(oauthCtx,...)/scopeFilterGet(oauthCtx,...)","messageReceipts: One row per recipient per message. Tracks read status. check_new_messages = query receipts where recipient=X AND readAt=undefined | messages: Inter-orchestrator messaging. VantagePeers native (supersedes pre-VP legacy). One message row per send. Recipients tracked via messageReceipts table. channel: ""broadcast"" | ""pi"" | ""tau"" | ""phi"" | ""pi,tau""",,
messageReceipts+taskClosureConfig+tasks,check_messages,?,?,?,messages:checkNewMessagesEnvelope(query),,MCP-public,toutes_orgs(in-handler-filtered),"filterByOrgScope(in-handler, post-query) + convex:withOrgScope",orgId/allowedOrchestrators,348,,COHERENT(no-effect),source reason (filtered): recipient restricted in-handler to identities the token may speak as (fromAllowList/userId),"messageReceipts: One row per recipient per message. Tracks read status. check_new_messages = query receipts where recipient=X AND readAt=undefined | taskClosureConfig: Day 130 (k17dhcmzqafve1ayzvh833kf558ae019) — server-side closure gate config. Key-value store, mirrors errorMonitorConfig pattern. Doctrine: no-hardcoded-business-knowledge — billable project list and stale-in-progress threshold live here, never as a code constant. Known keys: ""billableProjects"" — string[] of `task.project` values that require a machine-timestamped startedAt before closure (billing source = actualMinutes derived from startedAt→completedAt). Seeded with [""vantage-immo""] — add client projects here, not in code. ""staleInProgressThresholdMs"" — number encoded as a single-element string[] ([""86400000""]) — age (ms) after which an in_progress task is surfaced as staleInProgress in check_messages. Default 24h. ""maxSegmentMinutes"" — number encoded as a single-element string[] ([""480""]) — longest a single segment may span before closure refuses and names it. Default 480. Segments path only, never the legacy one. | tasks: ?",,
messages,list_messages,?,?,READ-LIST,messages:listMessages(query),"indexed-range (withIndex or by_creation_time, no filter/collect scan) | index Convex | curseur: oui | defaut:100 max:200",MCP-public,toutes_orgs(in-handler-filtered),"filterByOrgScope(in-handler, post-query) + convex:requireResolvedCaller/requireScope/withOrgScope",orgId/allowedOrchestrators,241,,COHERENT(org),"source reason (filtered): result set scoped in-handler via scopeFilterList(oauthCtx,...)/scopeFilterGet(oauthCtx,...)","Inter-orchestrator messaging. VantagePeers native (supersedes pre-VP legacy). One message row per send. Recipients tracked via messageReceipts table. channel: ""broadcast"" | ""pi"" | ""tau"" | ""phi"" | ""pi,tau""",,
messages,search_messages_by_keyword,?,?,SEARCH,messages:searchMessagesByKeyword(query),BM25 keyword (Convex searchIndex) | index Convex | pas de curseur | defaut:20 max:200,MCP-public,toutes_orgs(in-handler-filtered),"filterByOrgScope(in-handler, post-query) + convex:requireResolvedCaller/requireScope/withOrgScope",orgId/allowedOrchestrators,270,,COHERENT(org),"JUSTIFIED: BM25 searchIndex read that applies a post-take tenant filter in the handler (messages:searchMessagesByKeyword), where list_messages pushes the tenant into its index range before the take; both go through requireResolvedCaller and requireScope. | source reason (filtered): result set scoped in-handler via scopeFilterList(oauthCtx,...)/scopeFilterGet(oauthCtx,...)","Inter-orchestrator messaging. VantagePeers native (supersedes pre-VP legacy). One message row per send. Recipients tracked via messageReceipts table. channel: ""broadcast"" | ""pi"" | ""tau"" | ""phi"" | ""pi,tau""",,
missions,list_missions,?,?,READ-LIST,missions:list(query),"indexed-range (withIndex or by_creation_time, no filter/collect scan) | index Convex | curseur: oui | defaut:50 max:200",MCP-public,toutes_orgs(in-handler-filtered),"filterByOrgScope(in-handler, post-query) + convex:filterByOrgScope/requireScope/withOrgScope",orgId/allowedOrchestrators,285,,COHERENT(org),source reason (filtered): non-master restricted in-handler to pilot===oauthCtx.userId,?,,
missionTemplates,get_mission_template,?,?,READ-GET,missionTemplates:getByName(query),,MCP-public,toutes_orgs(in-handler-filtered),"filterByOrgScope(in-handler, post-query) + convex:requireResolvedCaller/withOrgScope",orgId/allowedOrchestrators,83,,COHERENT(master),"source reason (filtered): result set scoped in-handler via scopeFilterList(oauthCtx,...)/scopeFilterGet(oauthCtx,...)","Reusable mission templates. Each template contains an ordered list of steps that get instantiated as tasks when a triggering event occurs. The ""issue-resolution-v2"" template drives the IRP (Issue Resolution Protocol).",,
missionTemplates,soft_delete_mission_template,?,?,UPDATE,missionTemplates:softDelete(mutation),,hors-MCP,fleet_interne,bearer_scope_profile(isMasterScope) + convex:withOrgScope,global,174,,COHERENT(master),"JUSTIFIED: master-only: MCP scope master and missionTemplates:softDelete throws unless isMaster, the template catalog being shared fleet-wide and never per-org; the tool is absent from the `core` list of mcp-server/tool-exposure.json, so it is registered but masked (hors-MCP), where get_mission_template is advertised and in-handler-filtered.","Reusable mission templates. Each template contains an ordered list of steps that get instantiated as tasks when a triggering event occurs. The ""issue-resolution-v2"" template drives the IRP (Issue Resolution Protocol).",,
missionTemplates,update_mission_template,?,?,UPSERT,missionTemplates:upsert(mutation),,MCP-public,toutes_orgs(identity-gated),bearer_scope_profile(checkFromAllowed)+checkActorBinding + convex:withOrgScope,clerkUserId/orchestratorId(arg=createdBy),496,,COHERENT(master),?,"Reusable mission templates. Each template contains an ordered list of steps that get instantiated as tasks when a triggering event occurs. The ""issue-resolution-v2"" template drives the IRP (Issue Resolution Protocol).",,
missionTemplates+missions+tasks,instantiate_template_into_mission,?,?,UPSERT,missionTemplates:instantiateTemplateIntoMission(mutation); missions:get(query),,MCP-public,toutes_orgs(in-handler-filtered),"filterByOrgScope(in-handler, post-query) + convex:withOrgScope",orgId/allowedOrchestrators,353,,COHERENT(org),"source reason (filtered): result set scoped in-handler via scopeFilterList(oauthCtx,...)/scopeFilterGet(oauthCtx,...)","missionTemplates: Reusable mission templates. Each template contains an ordered list of steps that get instantiated as tasks when a triggering event occurs. The ""issue-resolution-v2"" template drives the IRP (Issue Resolution Protocol). | missions: ? | tasks: ?",,
monitoredDeployments,add_deployment,?,?,UPSERT,errorMonitor:addDeployment(mutation),,hors-MCP,fleet_interne,bearer_scope_profile(isMasterScope) + convex:withOrgScope,global,274,,COHERENT(master),?,Registry of Convex deployments to poll for errors. deployKeyEnvVar: name of the env var holding the admin deploy key.,,
monitoredDeployments,remove_deployment,?,?,UPDATE,errorMonitor:removeDeployment(mutation),,hors-MCP,fleet_interne,bearer_scope_profile(isMasterScope) + convex:withOrgScope,global,93,,COHERENT(master),"JUSTIFIED: sets active=false on the monitored-deployment row (a patch, the row is kept) rather than deleting it, so it derives UPDATE where add_deployment inserts or patches (UPSERT); both are master-only (requireMasterScope, convex/errorMonitor.ts).",Registry of Convex deployments to poll for errors. deployKeyEnvVar: name of the env var holding the admin deploy key.,,
profiles,get_profile,?,?,READ-GET,profiles:getProfile(query),,MCP-public,toutes_orgs(in-handler-filtered),"filterByOrgScope(in-handler, post-query) + convex:requireResolvedCaller/withOrgScope",orgId/allowedOrchestrators,75,,INCOHERENT read=master+org write=master,"JUSTIFIED: single-row read that serves a member only profiles of orchestrators on its own roster (profiles:getProfile), where list_peers lists and set_summary is an actor-bound write; profile WRITES are master-only at the Convex door (requireFleetMaster, convex/profiles.ts) because the table has no orgId. | source reason (filtered): result set scoped in-handler via scopeFilterList(oauthCtx,...)/scopeFilterGet(oauthCtx,...)","One row per INSTANCE. orchestratorId = role (pi/tau/phi). instanceId = unique running copy (pi-chromebook, pi-vps, tau-client-acme). Multiple instances can share the same role. static = stable identity facts (role, workspace, capabilities) dynamic = mutable session state (current task, last seen, session count)",,
profiles,list_peers,?,?,READ-LIST,profiles:listProfiles(query),"indexed-range (withIndex or by_creation_time, no filter/collect scan) | index Convex | curseur: oui | defaut:50 max:200",MCP-public,toutes_orgs(in-handler-filtered),"filterByOrgScope(in-handler, post-query) + convex:requireResolvedCaller/withOrgScope",orgId/allowedOrchestrators,212,,INCOHERENT read=master+org write=master,"JUSTIFIED: served to the fleet master only: a member receives { refused: true, items: [] } (profiles:listProfiles, convex/profiles.ts); get_profile serves a member its own roster and profile writes are master-only (requireFleetMaster). | source reason (filtered): result set scoped in-handler via scopeFilterList(oauthCtx,...)/scopeFilterGet(oauthCtx,...)","One row per INSTANCE. orchestratorId = role (pi/tau/phi). instanceId = unique running copy (pi-chromebook, pi-vps, tau-client-acme). Multiple instances can share the same role. static = stable identity facts (role, workspace, capabilities) dynamic = mutable session state (current task, last seen, session count)",,
profiles,set_summary,?,?,UPSERT,profiles:updateDynamic(mutation),,MCP-public,toutes_orgs(identity-gated),bearer_scope_profile(checkFromAllowed)+checkActorBinding + convex:withOrgScope,clerkUserId/orchestratorId(arg=orchestratorId),215,,INCOHERENT read=master+org write=master,"JUSTIFIED: actor-bound `from` tool, but its door profiles:updateDynamic is master-only (requireFleetMaster, convex/profiles.ts: the table has no orgId); get_profile serves a member its own roster.","One row per INSTANCE. orchestratorId = role (pi/tau/phi). instanceId = unique running copy (pi-chromebook, pi-vps, tau-client-acme). Multiple instances can share the same role. static = stable identity facts (role, workspace, capabilities) dynamic = mutable session state (current task, last seen, session count)",,
profiles,update_profile,?,?,UPSERT,profiles:upsertProfile(mutation),,MCP-public,toutes_orgs(identity-gated),bearer_scope_profile(checkFromAllowed)+checkActorBinding + convex:withOrgScope,clerkUserId/orchestratorId(arg=orchestratorId),295,,INCOHERENT read=master+org write=master,"JUSTIFIED: actor-bound `from` tool, but its door profiles:upsertProfile is master-only (requireFleetMaster, convex/profiles.ts: the table has no orgId); get_profile serves a member its own roster.","One row per INSTANCE. orchestratorId = role (pi/tau/phi). instanceId = unique running copy (pi-chromebook, pi-vps, tau-client-acme). Multiple instances can share the same role. static = stable identity facts (role, workspace, capabilities) dynamic = mutable session state (current task, last seen, session count)",,
recurringTasks,list_recurring_tasks,?,?,READ-LIST,recurringTasks:list(query),"indexed-range (withIndex or by_creation_time, no filter/collect scan) | index Convex | curseur: oui | defaut:50 max:200",MCP-public,toutes_orgs(in-handler-filtered),"filterByOrgScope(in-handler, post-query) + convex:filterByOrgScope/requireResolvedCaller/withOrgScope",orgId/allowedOrchestrators,245,,COHERENT(org),"source reason (filtered): result set scoped in-handler via scopeFilterList(oauthCtx,...)/scopeFilterGet(oauthCtx,...)","Templates for tasks that auto-create on a schedule (daily standup, weekly scan, etc.) Convex cron checks every 15 min and creates tasks when nextRunAt <= now.",,
taskClosureConfig+tasks,bulk_complete_tasks,?,?,TRANSITION,tasks:bulkComplete(mutation),,MCP-public,toutes_orgs(in-handler-filtered),"filterByOrgScope(in-handler, post-query) + convex:requireAuthenticatedCaller",orgId/allowedOrchestrators,614,,COHERENT(org),"JUSTIFIED: bulk TRANSITION over a filtered set: each row is admitted individually by isRowVisibleToScope in tasks:bulkComplete (MCP scope `filtered`), where correct_task_segment targets one task by id and is actor-bound (`from`, assertTaskCallerAuthorized); both go through requireAuthenticatedCaller. | source reason (filtered): claimed callerOrchestrator identity is guarded MCP-side (guardFrom) before dispatch; tasks:bulkComplete then scopes matched tasks against that verified identity","taskClosureConfig: Day 130 (k17dhcmzqafve1ayzvh833kf558ae019) — server-side closure gate config. Key-value store, mirrors errorMonitorConfig pattern. Doctrine: no-hardcoded-business-knowledge — billable project list and stale-in-progress threshold live here, never as a code constant. Known keys: ""billableProjects"" — string[] of `task.project` values that require a machine-timestamped startedAt before closure (billing source = actualMinutes derived from startedAt→completedAt). Seeded with [""vantage-immo""] — add client projects here, not in code. ""staleInProgressThresholdMs"" — number encoded as a single-element string[] ([""86400000""]) — age (ms) after which an in_progress task is surfaced as staleInProgress in check_messages. Default 24h. ""maxSegmentMinutes"" — number encoded as a single-element string[] ([""480""]) — longest a single segment may span before closure refuses and names it. Default 480. Segments path only, never the legacy one. | tasks: ?",,
taskClosureConfig+tasks,correct_task_segment,?,?,UPDATE,tasks:correctSegment(mutation),,MCP-public,toutes_orgs(identity-gated),bearer_scope_profile(checkFromAllowed)+checkActorBinding + convex:requireAuthenticatedCaller,clerkUserId/orchestratorId(arg=callerOrchestrator),490,,COHERENT(org),?,"taskClosureConfig: Day 130 (k17dhcmzqafve1ayzvh833kf558ae019) — server-side closure gate config. Key-value store, mirrors errorMonitorConfig pattern. Doctrine: no-hardcoded-business-knowledge — billable project list and stale-in-progress threshold live here, never as a code constant. Known keys: ""billableProjects"" — string[] of `task.project` values that require a machine-timestamped startedAt before closure (billing source = actualMinutes derived from startedAt→completedAt). Seeded with [""vantage-immo""] — add client projects here, not in code. ""staleInProgressThresholdMs"" — number encoded as a single-element string[] ([""86400000""]) — age (ms) after which an in_progress task is surfaced as staleInProgress in check_messages. Default 24h. ""maxSegmentMinutes"" — number encoded as a single-element string[] ([""480""]) — longest a single segment may span before closure refuses and names it. Default 480. Segments path only, never the legacy one. | tasks: ?",,
tasks,billing_summary_by_project,?,?,READ-LIST,tasks:billingSummaryByProject(query),"indexed-range (withIndex or by_creation_time, no filter/collect scan) | index Convex | pas de curseur | defaut:? max:?",MCP-public,fleet_interne,bearer_scope_profile(isMasterScope) + convex:filterByOrgScope/requireScope/withOrgScope,global,233,,COHERENT(org),"JUSTIFIED: MCP scope master (isMasterScope, global boundary) for a fleet-wide billing figure, narrower than the data door: tasks:billingSummaryByProject itself serves a member only its own org's done tasks (filterByOrgScope + requireScope view-own-tasks); checkout_task is an actor-bound `from` transition on one task; list_tasks pages with limit and cursor where the summary takes a date range and no cursor.",?,,
tasks,checkout_task,?,?,TRANSITION,tasks:checkout(mutation),,MCP-public,toutes_orgs(identity-gated),bearer_scope_profile(checkFromAllowed)+checkActorBinding + convex:requireAuthenticatedCaller,clerkUserId/orchestratorId(arg=callerOrchestrator),199,,COHERENT(org),?,?,,
tasks,list_tasks,?,?,READ-LIST,tasks:list(query),"indexed-range (withIndex or by_creation_time, no filter/collect scan) | index Convex | pas de curseur | defaut:50 max:?",MCP-public,toutes_orgs(in-handler-filtered),"filterByOrgScope(in-handler, post-query) + convex:filterByOrgScope/requireScope/withOrgScope",orgId/allowedOrchestrators,136,,COHERENT(org),"source reason (filtered): result set scoped in-handler via scopeFilterList(oauthCtx,...) against createdBy (with assignedTo as an extra per-row grant): cross-scope task rows are removed AFTER the Convex read and BEFORE return. listTasksGate still validates the caller-supplied assignedTo/createdBy filter against fromAllowList, but scopeFilterList — not the gate — is what restricts the returned rows (k17fcxngeyrfpsh8xrp0fzz9xh8dfkq8)",?,,
tasks,list_tasks_by_mission,?,?,READ-LIST,tasks:listByMission(query),"indexed-range (withIndex or by_creation_time, no filter/collect scan) | index Convex | curseur: oui | defaut:50 max:200",MCP-public,toutes_orgs(in-handler-filtered),"filterByOrgScope(in-handler, post-query) + convex:filterByOrgScope/withOrgScope",orgId/allowedOrchestrators,275,,COHERENT(org),"source reason (filtered): result set scoped in-handler via scopeFilterList(oauthCtx,...)/scopeFilterGet(oauthCtx,...)",?,,
tasks,search_tasks_by_keyword,?,?,SEARCH,tasks:searchTasksByKeyword(query),BM25 keyword (Convex searchIndex) | index Convex | pas de curseur | defaut:20 max:200,MCP-public,toutes_orgs(in-handler-filtered),"filterByOrgScope(in-handler, post-query) + convex:filterByOrgScope/requireScope/withOrgScope",orgId/allowedOrchestrators,264,,COHERENT(org),"source reason (filtered): result set scoped in-handler via scopeFilterList(oauthCtx,...)/scopeFilterGet(oauthCtx,...)",?,,
