outil,table,crud,writer_tier,writer_gate,write_doors
import_okf_bundle,_storage+briefingNotes+memories+tasks,CREATE,org-member,orgResolver,okfBundleNode:importOkfBundle=orgResolver
store_document_chunked,_storage+kbUploads+memories,UPSERT,org-member,orgResolver,kb:storeDocumentChunked=orgResolver
delete_recurring_task,,DELETE,master,masterOnly,recurringTasks:remove=masterOnly
pause_recurring_task,,UPDATE,master,masterOnly,recurringTasks:pause=masterOnly
resume_recurring_task,,UPDATE,master,masterOnly,recurringTasks:resume=masterOnly
soft_delete_memory,,UPDATE,org-member,orgResolver,memories:softDeleteMemory=orgResolver
create_bu,businessUnits,CREATE,org-member,orgResolver,businessUnits:create=orgResolver
delete_bu,businessUnits,DELETE,master,masterOnly,businessUnits:remove=masterOnly
update_bu,businessUnits,UPDATE,org-member,orgResolver,businessUnits:update=orgResolver
update_task,client_org_mapping+memberWriterRoles+messageReceipts+messages+missions+oauth_access_tokens+taskClosureConfig+tasks,UPSERT,org-member,orgResolver,tasks:update=orgResolver
create_task,client_org_mapping+memberWriterRoles+oauth_access_tokens+tasks,CREATE,org-member,orgResolver,tasks:create=orgResolver
send_message,client_org_mapping+messageReceipts+messages+profiles,CREATE,org-member,orgResolver,messages:sendMessage=orgResolver
update_recurring_task,client_org_mapping+oauth_access_tokens,UPDATE,org-member,orgResolver,recurringTasks:update=orgResolver
create_recurring_task,client_org_mapping+oauth_access_tokens+recurringTasks,CREATE,org-member,orgResolver,recurringTasks:create=orgResolver
write_diary,diary,UPSERT,org-member,orgResolver,diary:write=orgResolver
add_fix_attempt,fixAttempts+fixPatterns,UPSERT,master,masterOnly,fixPatterns:addAttempt=masterOnly
create_fix_pattern,fixPatterns,CREATE,master,masterOnly,fixPatterns:create=masterOnly
link_issue_to_pattern,fixPatterns,UPDATE,master,masterOnly,fixPatterns:linkIssue=masterOnly
validate_fix,fixPatterns,UPDATE,master,masterOnly,fixPatterns:validate=masterOnly
complete_task,fixPatterns+githubRepoMapping+issues+memberWriterRoles+messageReceipts+messages+taskClosureConfig+tasks,UPSERT,org-member,orgResolver,tasks:complete=orgResolver
add_repo_mapping,githubRepoMapping,UPSERT,master,masterOnly,githubRepoMapping:add=masterOnly
remove_repo_mapping,githubRepoMapping,DELETE,master,masterOnly,githubRepoMapping:remove=masterOnly
link_commit_to_issue,issues,UPDATE,master,masterOnly,issues:linkCommit=masterOnly
update_issue_status,issues,TRANSITION,master,masterOnly,issues:updateStatus=masterOnly
verify_issue,issues,TRANSITION,master,masterOnly,issues:verify=masterOnly
accept_mandate,mandates,TRANSITION,master,masterOnly,mandates:accept=masterOnly
create_mandate,mandates,CREATE,master,masterOnly,mandates:create=masterOnly
settle_mandate,mandates,TRANSITION,master,masterOnly,mandates:settle=masterOnly
update_mandate,mandates+tasks,UPDATE,master,masterOnly,mandates:update=masterOnly
add_task_dependency,memberWriterRoles+messageReceipts+messages+missions+taskClosureConfig+tasks,UPSERT,org-member,orgResolver,tasks:update=orgResolver
block_task,memberWriterRoles+messageReceipts+messages+missions+taskClosureConfig+tasks,UPSERT,org-member,orgResolver,tasks:blockTask=orgResolver; tasks:update=orgResolver
fail_task,memberWriterRoles+messageReceipts+messages+tasks,UPSERT,org-member,orgResolver,tasks:failTask=orgResolver
create_mission,memberWriterRoles+missions,CREATE,org-member,orgResolver,missions:create=orgResolver
update_mission,memberWriterRoles+missions,UPDATE,org-member,orgResolver,missions:update=orgResolver
update_mission_status,memberWriterRoles+missions,TRANSITION,org-member,orgResolver,missions:updateStatus=orgResolver
delete_task,memberWriterRoles+tasks,DELETE,org-member,orgResolver,tasks:deleteTask=orgResolver
pause_task,memberWriterRoles+tasks,TRANSITION,org-member,orgResolver,tasks:pause=orgResolver
resume_task,memberWriterRoles+tasks,TRANSITION,org-member,orgResolver,tasks:resume=orgResolver
start_task,memberWriterRoles+tasks,UPDATE,org-member,orgResolver,tasks:start=orgResolver
soft_delete_document,memories,UPDATE,org-member,orgResolver,kb:softDeleteDocument=orgResolver
store_episode,memories,CREATE,org-member,orgResolver,episodes:storeEpisode=orgResolver
store_memory,memories,UPSERT,org-member,orgResolver,memories:storeMemory=orgResolver
mark_as_read,messageReceipts,UPDATE,org-member,orgResolver,messages:markAsRead=orgResolver
delete_message,messageReceipts+messages,DELETE,org-member,orgResolver,messages:deleteMessage=orgResolver
soft_delete_mission_template,missionTemplates,UPDATE,master,masterOnly,missionTemplates:softDelete=masterOnly
update_mission_template,missionTemplates,UPSERT,master,masterOnly,missionTemplates:upsert=masterOnly
instantiate_template_into_mission,missionTemplates+missions+tasks,UPSERT,org-member,orgResolver,missionTemplates:instantiateTemplateIntoMission=orgResolver
add_deployment,monitoredDeployments,UPSERT,master,masterOnly,errorMonitor:addDeployment=masterOnly
remove_deployment,monitoredDeployments,UPDATE,master,masterOnly,errorMonitor:removeDeployment=masterOnly
set_summary,profiles,UPSERT,master,masterOnly,profiles:updateDynamic=masterOnly
update_profile,profiles,UPSERT,master,masterOnly,profiles:upsertProfile=masterOnly
bulk_complete_tasks,taskClosureConfig+tasks,TRANSITION,org-member,orgResolver,tasks:bulkComplete=orgResolver
correct_task_segment,taskClosureConfig+tasks,UPDATE,org-member,orgResolver,tasks:correctSegment=orgResolver
checkout_task,tasks,TRANSITION,org-member,orgResolver,tasks:checkout=orgResolver
